date,enrolled,attended,is_monday,is_tuesday,is_wednesday,is_thursday,is_friday,is_saturday,is_sunday,holiday,temp,humidity,snow,sealevelpressure,solarradiation,normalised_attendance,tw_assessment,tw_non_study,tw_reflection,tw_semester1,tw_semester2,month,season_Autumn,season_Spring,season_Summer,season_Winter
9/13/2021,5174,1501,1,0,0,0,0,0,0,0,22.6,22.7,0,1012.8,251.3,0.290104368,0,0,0,1,0,9,1,0,0,0
9/14/2021,5174,1405,0,1,0,0,0,0,0,0,23.8,26.4,0,1013.4,246.7,0.271550058,0,0,0,1,0,9,1,0,0,0
9/15/2021,5174,1379,0,0,1,0,0,0,0,0,25.4,25.9,0,1012.7,240.5,0.266524932,0,0,0,1,0,9,1,0,0,0
9/16/2021,5174,1366,0,0,0,1,0,0,0,0,25.4,26.1,0,1012.4,238.4,0.26401237,0,0,0,1,0,9,1,0,0,0
9/17/2021,5174,1526,0,0,0,0,1,0,0,0,25.4,24.2,0,1008.9,240.5,0.29493622,0,0,0,1,0,9,1,0,0,0
9/18/2021,5174,80,0,0,0,0,0,1,0,0,27.1,22.6,0,1008.8,235.3,0.015461925,0,0,0,1,0,9,1,0,0,0
9/19/2021,5174,2,0,0,0,0,0,0,1,0,24.9,24.1,0,1012.2,230.9,0.000386548,0,0,0,1,0,9,1,0,0,0
9/20/2021,5174,1813,1,0,0,0,0,0,0,0,20.2,31.5,0,1015,227.9,0.350405876,0,0,0,1,0,9,1,0,0,0
9/21/2021,5174,2120,0,1,0,0,0,0,0,0,21.1,33.3,0,1013.2,225.9,0.409741013,0,0,0,1,0,9,1,0,0,0
9/22/2021,5174,2358,0,0,1,0,0,0,0,0,20.9,30.2,0,1013.2,225.1,0.45574024,0,0,0,1,0,9,1,0,0,0
9/23/2021,5174,2212,0,0,0,1,0,0,0,0,22,23.1,0,1013.1,225,0.427522227,0,0,0,1,0,9,1,0,0,0
9/24/2021,5174,1970,0,0,0,0,1,0,0,0,22.2,27.1,0,1014.2,223,0.380749903,0,0,0,1,0,9,1,0,0,0
9/25/2021,5174,305,0,0,0,0,0,1,0,0,23.1,26.8,0,1013.5,221.9,0.058948589,0,0,0,1,0,9,1,0,0,0
9/26/2021,5174,3,0,0,0,0,0,0,1,0,25.6,23.5,0,1007.7,216.6,0.000579822,0,0,0,1,0,9,1,0,0,0
9/27/2021,5174,1781,1,0,0,0,0,0,0,0,20.3,36.8,0,1016,198.3,0.344221106,0,0,0,1,0,9,1,0,0,0
9/28/2021,5174,2154,0,1,0,0,0,0,0,0,20.4,42.4,0,1014.8,208.3,0.416312331,0,0,0,1,0,9,1,0,0,0
9/29/2021,5174,2274,0,0,1,0,0,0,0,0,21.6,36,0,1015.2,200.6,0.439505218,0,0,0,1,0,9,1,0,0,0
9/30/2021,5174,2007,0,0,0,1,0,0,0,0,19.4,39.8,0,1017.8,156,0.387901044,0,0,0,1,0,9,1,0,0,0
10/01/2021,5174,30,0,0,0,0,1,0,0,0,15.4,33.5,0,1021.2,185.9,0.005798222,0,0,0,1,0,10,1,0,0,0
10/02/2021,5174,1215,0,0,0,0,0,1,0,0,12,45.5,0,1025.1,162.2,0.234827986,0,0,0,1,0,10,1,0,0,0
10/03/2021,5174,38,0,0,0,0,0,0,1,0,12.5,47.1,0,1024.1,192.6,0.007344414,0,0,0,1,0,10,1,0,0,0
10/04/2021,5174,1783,1,0,0,0,0,0,0,0,12.9,39.8,0,1022.5,202.1,0.344607654,0,0,0,1,0,10,1,0,0,0
10/05/2021,5174,2147,0,1,0,0,0,0,0,0,14,41.2,0,1019,153.5,0.414959412,0,0,0,1,0,10,1,0,0,0
10/06/2021,5174,2278,0,0,1,0,0,0,0,0,13.2,55.1,0,1022,154.6,0.440278315,0,0,0,1,0,10,1,0,0,0
10/07/2021,5174,2157,0,0,0,1,0,0,0,0,12.4,43.6,0,1023,182.1,0.416892153,0,0,0,1,0,10,1,0,0,0
10/08/2021,5174,1962,0,0,0,0,1,0,0,0,13.5,51,0,1022.3,113.7,0.379203711,0,0,0,1,0,10,1,0,0,0
10/09/2021,5174,399,0,0,0,0,0,1,0,0,10.1,91.1,0,1023.3,61.1,0.077116351,0,0,0,1,0,10,1,0,0,0
10/10/2021,5174,110,0,0,0,0,0,0,1,0,10.6,58.6,0,1027.7,164.1,0.021260147,0,0,0,1,0,10,1,0,0,0
10/11/2021,5174,1825,1,0,0,0,0,0,0,0,11,50.9,0,1028.9,182.5,0.352725164,0,0,0,1,0,10,1,0,0,0
10/12/2021,5174,2190,0,1,0,0,0,0,0,0,12.7,49.2,0,1026.6,182.2,0.423270197,0,0,0,1,0,10,1,0,0,0
10/13/2021,5174,2247,0,0,1,0,0,0,0,0,13.2,50.4,0,1022.1,181,0.434286819,0,0,0,1,0,10,1,0,0,0
10/14/2021,5174,2170,0,0,0,1,0,0,0,0,14.5,46.4,0,1020.8,177.6,0.419404716,0,0,0,1,0,10,1,0,0,0
10/15/2021,5174,2011,0,0,0,0,1,0,0,0,14.2,46.1,0,1020.9,175.5,0.38867414,0,0,0,1,0,10,1,0,0,0
10/16/2021,5174,578,0,0,0,0,0,1,0,0,14.7,41.1,0,1018.8,172.3,0.111712408,0,0,0,1,0,10,1,0,0,0
10/17/2021,5174,241,0,0,0,0,0,0,1,0,14.7,43.9,0,1017.1,170.3,0.046579049,0,0,0,1,0,10,1,0,0,0
10/18/2021,5174,1869,1,0,0,0,0,0,0,0,14.5,44.4,0,1014.4,166.4,0.361229223,0,0,0,1,0,10,1,0,0,0
10/19/2021,5174,2218,0,1,0,0,0,0,0,0,15.7,43,0,1014.9,159,0.428681871,0,0,0,1,0,10,1,0,0,0
10/20/2021,5174,2281,0,0,1,0,0,0,0,0,17.2,43.8,0,1016.8,137.3,0.440858137,0,0,0,1,0,10,1,0,0,0
10/21/2021,5174,2143,0,0,0,1,0,0,0,0,12.1,69.4,0,1020.8,57.5,0.414186316,0,0,0,1,0,10,1,0,0,0
10/22/2021,5174,1993,0,0,0,0,1,0,0,0,8.4,61.1,0,1031.5,132.8,0.385195207,0,0,0,1,0,10,1,0,0,0
10/23/2021,5174,1200,0,0,0,0,0,1,0,0,9.6,48.5,0,1031,157.5,0.231928875,0,0,0,1,0,10,1,0,0,0
10/24/2021,5174,369,0,0,0,0,0,0,1,0,10.6,52.6,0,1020.9,155.8,0.071318129,0,0,0,1,0,10,1,0,0,0
10/25/2021,5174,2203,1,0,0,0,0,0,0,0,12.9,51.6,0,1016.2,155.4,0.42578276,0,0,0,1,0,10,1,0,0,0
10/26/2021,5174,2064,0,1,0,0,0,0,0,0,14.2,43.6,0,1020.2,144.5,0.398917665,0,0,0,1,0,10,1,0,0,0
10/27/2021,5174,2219,0,0,1,0,0,0,0,0,15,49.5,0,1023.3,97.7,0.428875145,0,0,0,1,0,10,1,0,0,0
10/28/2021,5174,2038,0,0,0,1,0,0,0,0,9.1,77,0,1025.5,103.7,0.39389254,0,0,0,1,0,10,1,0,0,0
10/29/2021,5174,1883,0,0,0,0,1,0,0,0,8.8,79.7,0,1030.1,91.2,0.36393506,0,0,0,1,0,10,1,0,0,0
10/30/2021,5174,641,0,0,0,0,0,1,0,0,10.8,60.7,0,1030.5,145.1,0.123888674,0,0,0,1,0,10,1,0,0,0
10/31/2021,5174,290,0,0,0,0,0,0,1,0,10.8,66.2,0,1031.9,109.9,0.056049478,0,0,0,1,0,10,1,0,0,0
11/01/2021,5174,1851,1,0,0,0,0,0,0,0,10.3,68,0,1031.5,137.6,0.35775029,0,0,0,1,0,11,1,0,0,0
11/02/2021,5174,2087,0,1,0,0,0,0,0,0,11.3,54.7,0,1024.6,138.5,0.403362969,0,0,0,1,0,11,1,0,0,0
11/03/2021,5174,2179,0,0,1,0,0,0,0,0,11,52.4,0,1019.5,99.1,0.421144182,0,0,0,1,0,11,1,0,0,0
11/04/2021,5174,2077,0,0,0,1,0,0,0,0,6.4,52.8,0,1022.5,129.1,0.401430228,0,0,0,1,0,11,1,0,0,0
11/05/2021,5174,1677,0,0,0,0,1,0,0,0,-0.3,46.9,0,1033.8,136.5,0.324120603,0,0,0,1,0,11,1,0,0,0
11/06/2021,5174,638,0,0,0,0,0,1,0,0,3.1,48.7,0,1031.1,134.9,0.123308852,0,0,0,1,0,11,1,0,0,0
11/07/2021,5174,252,0,0,0,0,0,0,1,0,4.6,54.3,0,1025.7,134.2,0.048705064,0,0,0,1,0,11,1,0,0,0
11/08/2021,5174,1904,1,0,0,0,0,0,0,0,5.6,52.3,0,1026.5,84.2,0.367993815,0,0,0,1,0,11,1,0,0,0
11/09/2021,5174,1992,0,1,0,0,0,0,0,0,7.9,48.8,0,1027.5,108.4,0.385001933,0,0,0,1,0,11,1,0,0,0
11/10/2021,5174,2087,0,0,1,0,0,0,0,0,8,50,0,1025,115.8,0.403362969,0,0,0,1,0,11,1,0,0,0
11/11/2021,5174,1978,0,0,0,1,0,0,0,0,10.2,53.4,0,1023.8,123.4,0.382296096,0,0,0,1,0,11,1,0,0,0
11/12/2021,5174,1915,0,0,0,0,1,0,0,0,10.2,52.2,0,1025.8,123.2,0.37011983,0,0,0,1,0,11,1,0,0,0
11/13/2021,5174,814,0,0,0,0,0,1,0,0,7.6,70.4,0,1024.6,97.2,0.157325087,0,0,0,1,0,11,1,0,0,0
11/14/2021,5174,250,0,0,0,0,0,0,1,0,6.5,75.5,0,1025.2,62,0.048318516,0,0,0,1,0,11,1,0,0,0
11/15/2021,5174,1838,1,0,0,0,0,0,0,0,7.8,70.8,0,1027.6,93.9,0.355237727,0,0,0,1,0,11,1,0,0,0
11/16/2021,5174,2116,0,1,0,0,0,0,0,0,9.7,47.1,0,1013.9,99.7,0.408967917,0,0,0,1,0,11,1,0,0,0
11/17/2021,5174,2129,0,0,1,0,0,0,0,0,1.5,85,1.6,1028.9,41.1,0.411480479,0,0,0,1,0,11,1,0,0,0
11/18/2021,5174,1953,0,0,0,1,0,0,0,0,-1.3,70.3,0,1032.4,118.4,0.377464244,0,0,0,1,0,11,1,0,0,0
11/19/2021,5174,1817,0,0,0,0,1,0,0,0,0.2,68.4,0,1031,118,0.351178972,0,0,0,1,0,11,1,0,0,0
11/20/2021,5174,870,0,0,0,0,0,1,0,0,2,59.7,0,1019,118,0.168148434,0,0,0,1,0,11,1,0,0,0
11/21/2021,5174,264,0,0,0,0,0,0,1,0,7.3,54.6,0,1017.2,113,0.051024353,0,0,0,1,0,11,1,0,0,0
11/22/2021,5174,1808,1,0,0,0,0,0,0,0,8.5,54.2,0,1024.1,80.9,0.349439505,0,0,0,1,0,11,1,0,0,0
11/23/2021,5174,2135,0,1,0,0,0,0,0,0,11.1,59.1,0,1020.2,106.3,0.412640124,0,0,0,1,0,11,1,0,0,0
11/24/2021,5174,2188,0,0,1,0,0,0,0,0,11.1,59.1,0,1018,99.5,0.422883649,0,0,0,1,0,11,1,0,0,0
11/25/2021,5174,1990,0,0,0,1,0,0,0,0,11.5,63.2,0,1019.2,78.3,0.384615385,0,0,0,1,0,11,1,0,0,0
11/26/2021,5174,1880,0,0,0,0,1,0,0,0,5.4,84,0,1030.1,60.9,0.363355238,0,0,0,1,0,11,1,0,0,0
11/27/2021,5174,904,0,0,0,0,0,1,0,0,3.7,78.7,0,1027.6,106.6,0.174719753,0,0,0,1,0,11,1,0,0,0
11/28/2021,5174,253,0,0,0,0,0,0,1,0,4.8,62.5,0,1023.4,107.2,0.048898338,0,0,0,1,0,11,1,0,0,0
11/29/2021,5174,1846,1,0,0,0,0,0,0,0,7.1,49.4,0,1023.4,104.7,0.35678392,0,0,0,1,0,11,1,0,0,0
11/30/2021,5174,2094,0,1,0,0,0,0,0,0,9,50.3,0,1022.3,92,0.404715887,0,0,0,1,0,11,1,0,0,0
12/01/2021,5174,2127,0,0,1,0,0,0,0,0,12.3,39.2,0,1017.9,102.4,0.411093931,0,0,0,1,0,12,0,0,0,1
12/02/2021,5174,2016,0,0,0,1,0,0,0,0,15.8,24.7,0,1013.3,94.8,0.38964051,0,0,0,1,0,12,0,0,0,1
12/03/2021,5174,1902,0,0,0,0,1,0,0,0,15.3,35.6,0,1016.8,51.2,0.367607267,0,0,0,1,0,12,0,0,0,1
12/04/2021,5174,865,0,0,0,0,0,1,0,0,7.8,69.5,0,1020.7,88.3,0.167182064,0,0,0,1,0,12,0,0,0,1
12/05/2021,5174,266,0,0,0,0,0,0,1,0,6.5,73.1,0,1022.7,71,0.051410901,0,0,0,1,0,12,0,0,0,1
12/06/2021,5174,1791,1,0,0,0,0,0,0,0,8.2,70.6,0,1022.2,97.8,0.346153846,0,0,0,1,0,12,0,0,0,1
12/07/2021,5174,2018,0,1,0,0,0,0,0,0,9.7,64.4,0,1023.5,80.3,0.390027058,0,0,0,1,0,12,0,0,0,1
12/08/2021,5174,267,0,0,1,0,0,0,0,1,7.2,75.2,0,1030.1,91.6,0.051604175,0,0,0,1,0,12,0,0,0,1
12/09/2021,5174,1833,0,0,0,1,0,0,0,0,6,77,0,1029,100.2,0.354271357,0,0,0,1,0,12,0,0,0,1
12/10/2021,5174,1739,0,0,0,0,1,0,0,0,6.9,58.1,0,1022,102.5,0.336103595,0,0,0,1,0,12,0,0,0,1
12/11/2021,5174,1108,0,0,0,0,0,1,0,0,7.5,49.1,0,1023.9,94.1,0.214147661,0,0,0,1,0,12,0,0,0,1
12/12/2021,5174,248,0,0,0,0,0,0,1,0,8,60.4,0,1025.4,84.5,0.047931968,0,0,0,1,0,12,0,0,0,1
12/13/2021,5174,1473,1,0,0,0,0,0,0,0,6.5,79.5,0,1025,53.3,0.284692694,0,0,1,0,0,12,0,0,0,1
12/14/2021,5174,1500,0,1,0,0,0,0,0,0,3.9,95.4,0,1029.5,37.8,0.289911094,0,0,1,0,0,12,0,0,0,1
12/15/2021,5174,1472,0,0,1,0,0,0,0,0,3,94.9,0,1035.1,43.8,0.28449942,0,0,1,0,0,12,0,0,0,1
12/16/2021,5174,1282,0,0,0,1,0,0,0,0,2.9,80.5,0,1032.8,93.2,0.247777348,0,0,1,0,0,12,0,0,0,1
12/17/2021,5174,1331,0,0,0,0,1,0,0,0,2.8,76,0,1025.3,97.3,0.257247777,0,0,1,0,0,12,0,0,0,1
12/18/2021,5174,1091,0,0,0,0,0,1,0,0,6.9,55.7,0,1017.4,97.1,0.210862002,0,0,1,0,0,12,0,0,0,1
12/19/2021,5174,286,0,0,0,0,0,0,1,0,7.4,57.7,0,1015.4,28.6,0.055276382,0,0,1,0,0,12,0,0,0,1
12/20/2021,5174,1947,1,0,0,0,0,0,0,0,9.9,77.9,0,1021.6,91,0.3763046,1,0,0,0,0,12,0,0,0,1
12/21/2021,5174,1444,0,1,0,0,0,0,0,0,10.6,43.7,0,1014.8,97.5,0.279087746,1,0,0,0,0,12,0,0,0,1
12/22/2021,5174,1034,0,0,1,0,0,0,0,0,12.1,61.2,0,1012.7,90.4,0.199845381,1,0,0,0,0,12,0,0,0,1
12/23/2021,5174,901,0,0,0,1,0,0,0,0,9.4,69.5,0,1020.2,77.8,0.17413993,1,0,0,0,0,12,0,0,0,1
12/24/2021,5174,929,0,0,0,0,1,0,0,0,6.1,76,0,1020.5,91,0.179551604,1,0,0,0,0,12,0,0,0,1
12/25/2021,5174,412,0,0,0,0,0,1,0,0,6.4,70.4,0,1018.3,53.6,0.079628914,1,0,0,0,0,12,0,0,0,1
12/26/2021,5174,117,0,0,0,0,0,0,1,0,2.2,94.7,5.1,1024.4,11.7,0.022613065,1,0,0,0,0,12,0,0,0,1
12/27/2021,5174,1088,1,0,0,0,0,0,0,0,-0.9,93.6,0,1032.2,88.5,0.21028218,1,0,0,0,0,12,0,0,0,1
12/28/2021,5174,434,0,1,0,0,0,0,0,0,-0.4,84,0,1028.5,101.8,0.083880943,1,0,0,0,0,12,0,0,0,1
12/29/2021,5174,302,0,0,1,0,0,0,0,0,1.2,76.1,0,1023,104.4,0.058368767,1,0,0,0,0,12,0,0,0,1
12/30/2021,5174,27,0,0,0,1,0,0,0,0,2.5,65.4,0,1021.9,105.1,0.0052184,1,0,0,0,0,12,0,0,0,1
01/01/2022,5174,1,0,0,0,0,0,1,0,1,6.8,68.3,0,1019,37.3,0.000193274,0,1,0,0,0,1,0,0,0,1
01/05/2022,5174,63,0,0,1,0,0,0,0,0,5,91.4,0,1015.8,60,0.012176266,0,1,0,0,0,1,0,0,0,1
01/06/2022,5174,43,0,0,0,1,0,0,0,0,5.1,96,0,1020.6,31.1,0.008310785,0,1,0,0,0,1,0,0,0,1
01/07/2022,5174,69,0,0,0,0,1,0,0,0,3.9,86.1,0,1027.7,60.8,0.01333591,0,1,0,0,0,1,0,0,0,1
01/08/2022,5174,26,0,0,0,0,0,1,0,0,2.9,86.7,0,1023.7,107.1,0.005025126,0,1,0,0,0,1,0,0,0,1
01/10/2022,5174,78,1,0,0,0,0,0,0,0,0.8,94.2,0,1026.2,100.8,0.015075377,0,1,0,0,0,1,0,0,0,1
01/11/2022,5174,85,0,1,0,0,0,0,0,0,2.8,86.2,0,1022.5,108.7,0.016428295,0,1,0,0,0,1,0,0,0,1
01/12/2022,5174,76,0,0,1,0,0,0,0,0,7,53.7,0,1016.4,100.5,0.014688829,0,1,0,0,0,1,0,0,0,1
1/13/2022,5174,66,0,0,0,1,0,0,0,0,6.8,75.7,0,1018.3,71.7,0.012756088,0,1,0,0,0,1,0,0,0,1
1/14/2022,5174,58,0,0,0,0,1,0,0,1,10.4,63.8,0,1012.6,104.1,0.011209896,0,1,0,0,0,1,0,0,0,1
1/15/2022,5174,34,0,0,0,0,0,1,0,0,11.9,56,0,1007.3,43.1,0.006571318,0,1,0,0,0,1,0,0,0,1
1/17/2022,5174,143,1,0,0,0,0,0,0,0,7.5,95,0,1016.6,15.1,0.027638191,0,0,0,0,1,1,0,0,0,1
1/18/2022,5174,177,0,1,0,0,0,0,0,0,8.6,83.4,0,1016.1,88.1,0.034209509,0,0,0,0,1,1,0,0,0,1
1/19/2022,5174,143,0,0,1,0,0,0,0,0,5.6,82.3,0,1015.9,58.2,0.027638191,0,0,0,0,1,1,0,0,0,1
1/20/2022,5174,135,0,0,0,1,0,0,0,0,4.3,62.1,0,1020.4,120.2,0.026091998,0,0,0,0,1,1,0,0,0,1
1/21/2022,5174,115,0,0,0,0,1,0,0,0,3.8,51.7,0,1008.5,125.9,0.022226517,0,0,0,0,1,1,0,0,0,1
1/22/2022,5174,71,0,0,0,0,0,1,0,0,2.1,91.1,0,1021.8,38.5,0.013722458,0,0,0,0,1,1,0,0,0,1
1/23/2022,5174,7,0,0,0,0,0,0,1,0,1.1,88.2,0,1024.7,89.6,0.001352918,0,0,0,0,1,1,0,0,0,1
1/24/2022,5174,264,1,0,0,0,0,0,0,0,2.4,74.6,0,1023.6,120.3,0.051024353,0,0,0,0,1,1,0,0,0,1
1/25/2022,5174,144,0,1,0,0,0,0,0,0,1.7,73.9,0,1023.1,123.9,0.027831465,0,0,0,0,1,1,0,0,0,1
1/26/2022,5174,204,0,0,1,0,0,0,0,0,1.4,86.6,0,1026.4,125.5,0.039427909,0,0,0,0,1,1,0,0,0,1
1/27/2022,5174,217,0,0,0,1,0,0,0,0,4.8,31.3,0,1021.7,134.5,0.041940472,0,0,0,0,1,1,0,0,0,1
1/28/2022,5174,196,0,0,0,0,1,0,0,0,6.6,37.4,0,1012.1,44.2,0.037881716,0,0,0,0,1,1,0,0,0,1
1/29/2022,5174,104,0,0,0,0,0,1,0,0,5,72.8,0,1024.1,90.2,0.020100503,0,0,0,0,1,1,0,0,0,1
1/30/2022,5174,2,0,0,0,0,0,0,1,0,4.3,69,0,1022.5,131.6,0.000386548,0,0,0,0,1,1,0,0,0,1
1/31/2022,5174,273,1,0,0,0,0,0,0,0,2.6,88.5,0,1021.4,131.2,0.052763819,0,0,0,0,1,1,0,0,0,1
02/01/2022,5174,248,0,1,0,0,0,0,0,0,5.5,55,0,1021,137.7,0.047931968,0,0,0,0,1,2,0,0,0,1
02/02/2022,5174,254,0,0,1,0,0,0,0,0,5.5,50.4,0,1019.4,82,0.049091612,0,0,0,0,1,2,0,0,0,1
02/03/2022,5174,238,0,0,0,1,0,0,0,0,4.6,70,0,1028,133.4,0.045999227,0,0,0,0,1,2,0,0,0,1
02/04/2022,5174,195,0,0,0,0,1,0,0,0,6.2,29.5,0,1018.8,147.7,0.037688442,0,0,0,0,1,2,0,0,0,1
02/05/2022,5174,153,0,0,0,0,0,1,0,0,7.8,26.4,0,1006.4,151.1,0.029570932,0,0,0,0,1,2,0,0,0,1
02/06/2022,5174,196,0,0,0,0,0,0,1,0,6.3,81.6,0,1010.2,26.2,0.037881716,0,0,0,0,1,2,0,0,0,1
02/07/2022,5174,1767,1,0,0,0,0,0,0,0,3.5,81,0.1,1023.9,133.3,0.341515269,0,0,0,0,1,2,0,0,0,1
02/08/2022,5174,1849,0,1,0,0,0,0,0,0,4,86.5,0,1020.8,54.4,0.357363742,0,0,0,0,1,2,0,0,0,1
02/09/2022,5174,2044,0,0,1,0,0,0,0,0,3.9,81.3,0,1024,131.3,0.395052184,0,0,0,0,1,2,0,0,0,1
02/10/2022,5174,1945,0,0,0,1,0,0,0,0,5.1,45.1,0,1024.1,150.4,0.375918052,0,0,0,0,1,2,0,0,0,1
02/11/2022,5174,1828,0,0,0,0,1,0,0,0,8.5,42.8,0,1019.3,107.1,0.353304986,0,0,0,0,1,2,0,0,0,1
02/12/2022,5174,510,0,0,0,0,0,1,0,0,3.8,89.4,0,1024.5,37.1,0.098569772,0,0,0,0,1,2,0,0,0,1
2/13/2022,5174,254,0,0,0,0,0,0,1,0,4,81.7,0,1024.1,76,0.049091612,0,0,0,0,1,2,0,0,0,1
2/14/2022,5174,1795,1,0,0,0,0,0,0,0,4.3,80.8,0,1025.1,59.9,0.346926942,0,0,0,0,1,2,0,0,0,1
2/15/2022,5174,1955,0,1,0,0,0,0,0,0,1.4,66.5,0,1030,159.5,0.377850792,0,0,0,0,1,2,0,0,0,1
2/16/2022,5174,2048,0,0,1,0,0,0,0,0,2.4,65.9,0,1027.4,162.4,0.39582528,0,0,0,0,1,2,0,0,0,1
2/17/2022,5174,2059,0,0,0,1,0,0,0,0,3.8,52.6,0,1024.7,171.8,0.397951295,0,0,0,0,1,2,0,0,0,1
2/18/2022,5174,1734,0,0,0,0,1,0,0,0,5.5,36.1,0,1020.9,175.3,0.335137225,0,0,0,0,1,2,0,0,0,1
2/19/2022,5174,844,0,0,0,0,0,1,0,0,8.1,36.6,0,1019.7,164.2,0.163123309,0,0,0,0,1,2,0,0,0,1
2/20/2022,5174,271,0,0,0,0,0,0,1,0,10.4,42.9,0,1021.6,162.7,0.052377271,0,0,0,0,1,2,0,0,0,1
2/21/2022,5174,1924,1,0,0,0,0,0,0,0,11.2,38.3,0,1015.5,177.3,0.371859296,0,0,0,0,1,2,0,0,0,1
2/22/2022,5174,2017,0,1,0,0,0,0,0,0,8.9,48.9,0,1012.3,138.9,0.389833784,0,0,0,0,1,2,0,0,0,1
2/23/2022,5174,2154,0,0,1,0,0,0,0,0,9.9,53.8,0,1020.7,162.6,0.416312331,0,0,0,0,1,2,0,0,0,1
2/24/2022,5174,2064,0,0,0,1,0,0,0,0,10.2,51.3,0,1022.9,135.8,0.398917665,0,0,0,0,1,2,0,0,0,1
2/25/2022,5174,1923,0,0,0,0,1,0,0,0,9.5,54.4,0,1025.4,154.7,0.371666022,0,0,0,0,1,2,0,0,0,1
2/26/2022,5174,781,0,0,0,0,0,1,0,0,10.2,52.7,0,1022.5,180.6,0.150947043,0,0,0,0,1,2,0,0,0,1
2/27/2022,5174,260,0,0,0,0,0,0,1,0,12.2,36.7,0,1018.1,191.2,0.050251256,0,0,0,0,1,2,0,0,0,1
2/28/2022,5174,1889,1,0,0,0,0,0,0,0,11.9,58.9,0,1019.5,145,0.365094704,0,0,0,0,1,2,0,0,0,1
03/01/2022,5174,1977,0,1,0,0,0,0,0,0,10,70.7,0,1023.3,143.2,0.382102822,0,0,0,0,1,3,0,1,0,0
03/02/2022,5174,2074,0,0,1,0,0,0,0,0,10,60.9,0,1024.3,182,0.400850406,0,0,0,0,1,3,0,1,0,0
03/03/2022,5174,2031,0,0,0,1,0,0,0,0,12.1,42.1,0,1019.7,194.1,0.392539621,0,0,0,0,1,3,0,1,0,0
03/04/2022,5174,1815,0,0,0,0,1,0,0,0,15.1,35.9,0,1012.7,190.9,0.350792424,0,0,0,0,1,3,0,1,0,0
03/05/2022,5174,664,0,0,0,0,0,1,0,0,13.4,70,0,1011.1,52.2,0.128333978,0,0,0,0,1,3,0,1,0,0
03/06/2022,5174,244,0,0,0,0,0,0,1,0,10.6,85.5,0,1012.6,135.6,0.047158871,0,0,0,0,1,3,0,1,0,0
03/07/2022,5174,1769,1,0,0,0,0,0,0,0,8.6,83.4,0,1016.3,141,0.341901817,0,0,0,0,1,3,0,1,0,0
03/08/2022,5174,265,0,1,0,0,0,0,0,1,7.4,81.5,0,1017.1,123.3,0.051217627,0,0,0,0,1,3,0,1,0,0
03/09/2022,5174,1972,0,0,1,0,0,0,0,0,9.9,87.2,0,1012.7,86.3,0.381136451,0,0,0,0,1,3,0,1,0,0
03/10/2022,5174,2043,0,0,0,1,0,0,0,0,11.4,75.2,0,1015.3,167.3,0.39485891,0,0,0,0,1,3,0,1,0,0
03/11/2022,5174,1903,0,0,0,0,1,0,0,0,12.7,86.4,0,1011.7,77.8,0.367800541,0,0,0,0,1,3,0,1,0,0
03/12/2022,5174,947,0,0,0,0,0,1,0,0,13.7,84.5,0,1010.3,117.6,0.183030537,0,0,0,0,1,3,0,1,0,0
3/13/2022,5174,278,0,0,0,0,0,0,1,0,12.1,94.5,0,1017.6,35.2,0.053730189,0,0,0,0,1,3,0,1,0,0
3/14/2022,5174,1770,1,0,0,0,0,0,0,0,10.9,89.5,0,1020.2,100.8,0.342095091,0,0,0,0,1,3,0,1,0,0
3/15/2022,5174,1763,0,1,0,0,0,0,0,0,6.9,99.2,0,1021.9,20.8,0.340742172,0,0,0,0,1,3,0,1,0,0
3/16/2022,5174,1934,0,0,1,0,0,0,0,0,8.1,93.4,0,1015.5,126.7,0.373792037,0,0,0,0,1,3,0,1,0,0
3/17/2022,5174,1871,0,0,0,1,0,0,0,0,9.5,95.7,0,1013.2,53.6,0.361615771,0,0,0,0,1,3,0,1,0,0
3/18/2022,5174,1600,0,0,0,0,1,0,0,0,1.8,93.3,0.2,1027.1,80.7,0.3092385,0,0,0,0,1,3,0,1,0,0
3/19/2022,5174,155,0,0,0,0,0,1,0,0,3.8,78.1,0,1027.7,181.1,0.02995748,0,0,0,0,1,3,0,1,0,0
3/20/2022,5174,99,0,0,0,0,0,0,1,0,5.4,72.2,0,1025.7,223.6,0.019134132,0,0,0,0,1,3,0,1,0,0
3/21/2022,5174,92,1,0,0,0,0,0,0,1,6.3,74.7,0,1021.1,164.7,0.017781214,0,0,0,0,1,3,0,1,0,0
3/22/2022,5174,121,0,1,0,0,0,0,0,0,7.5,78.9,0,1020.3,174.5,0.023386162,0,0,0,0,1,3,0,1,0,0
3/23/2022,5174,210,0,0,1,0,0,0,0,0,4.2,86.9,1.1,1024.6,28.4,0.040587553,0,0,0,0,1,3,0,1,0,0
3/24/2022,5174,1747,0,0,0,1,0,0,0,0,3.9,90.8,0.1,1026.7,123.2,0.337649787,0,0,0,0,1,3,0,1,0,0
3/25/2022,5174,1790,0,0,0,0,1,0,0,0,9.3,68.6,0,1017.7,217.1,0.345960572,0,0,0,0,1,3,0,1,0,0
3/26/2022,5174,904,0,0,0,0,0,1,0,0,12.9,64.9,0,1010.2,95.8,0.174719753,0,0,0,0,1,3,0,1,0,0
3/27/2022,5174,269,0,0,0,0,0,0,1,0,9.7,69.7,0,1022,203.5,0.051990723,0,0,0,0,1,3,0,1,0,0
3/28/2022,5174,1880,1,0,0,0,0,0,0,0,11,58.9,0,1018.7,245.8,0.363355238,0,0,0,0,1,3,0,1,0,0
3/29/2022,5174,1875,0,1,0,0,0,0,0,0,6.5,73.4,0,1028.5,118.2,0.362388867,0,0,0,0,1,3,0,1,0,0
3/30/2022,5174,1886,0,0,1,0,0,0,0,0,9.2,47.5,0,1030.9,268.9,0.364514882,0,0,0,0,1,3,0,1,0,0
3/31/2022,5174,1983,0,0,0,1,0,0,0,0,13.5,46.2,0,1022.9,272.4,0.383262466,0,0,0,0,1,3,0,1,0,0
04/01/2022,5174,1768,0,0,0,0,1,0,0,0,16.5,40.3,0,1020.2,266.9,0.341708543,0,0,0,0,1,4,0,1,0,0
04/02/2022,5174,881,0,0,0,0,0,1,0,0,16.7,49.2,0,1022.1,258.1,0.170274449,0,0,0,0,1,4,0,1,0,0
04/03/2022,5174,254,0,0,0,0,0,0,1,0,17.7,49.7,0,1018.7,265.9,0.049091612,0,0,0,0,1,4,0,1,0,0
04/04/2022,5174,1794,1,0,0,0,0,0,0,0,19.5,49,0,1014.6,268.3,0.346733668,0,0,0,0,1,4,0,1,0,0
04/05/2022,5174,1739,0,1,0,0,0,0,0,0,22,33.3,0,1015.4,272.4,0.336103595,0,0,0,0,1,4,0,1,0,0
04/06/2022,5174,1756,0,0,1,0,0,0,0,0,23.7,29.8,0,1012.9,234.7,0.339389254,0,0,0,0,1,4,0,1,0,0
04/07/2022,5174,1738,0,0,0,1,0,0,0,0,22.2,40.4,0,1013.2,133.2,0.335910321,0,0,0,0,1,4,0,1,0,0
04/08/2022,5174,1698,0,0,0,0,1,0,0,0,22.5,41,0,1010.9,257.8,0.328179358,0,0,0,0,1,4,0,1,0,0
04/09/2022,5174,904,0,0,0,0,0,1,0,0,23.7,49.6,0,1010.4,236.9,0.174719753,0,0,0,0,1,4,0,1,0,0
04/10/2022,5174,275,0,0,0,0,0,0,1,0,22.9,50.5,0,1012.7,244.2,0.053150367,0,0,0,0,1,4,0,1,0,0
04/11/2022,5174,1581,1,0,0,0,0,0,0,0,23.3,42.1,0,1007.3,185,0.305566293,0,0,1,0,0,4,0,1,0,0
04/12/2022,5174,1613,0,1,0,0,0,0,0,0,21.2,57.3,0,1011.5,219.5,0.311751063,0,0,1,0,0,4,0,1,0,0
4/13/2022,5174,1548,0,0,1,0,0,0,0,0,21.3,50.8,0,1011,279.8,0.299188249,0,0,1,0,0,4,0,1,0,0
4/14/2022,5174,1464,0,0,0,1,0,0,0,0,21.2,51.2,0,1013.1,289.1,0.282953228,0,0,1,0,0,4,0,1,0,0
4/15/2022,5174,1384,0,0,0,0,1,0,0,0,21.3,49,0,1013.6,294.2,0.267491303,0,0,1,0,0,4,0,1,0,0
4/16/2022,5174,754,0,0,0,0,0,1,0,0,22.2,42.6,0,1011.3,296.4,0.145728643,0,0,1,0,0,4,0,1,0,0
4/17/2022,5174,253,0,0,0,0,0,0,1,0,22.8,41.4,0,1009.2,271.9,0.048898338,0,0,1,0,0,4,0,1,0,0
4/18/2022,5174,1702,1,0,0,0,0,0,0,0,22.8,49.9,0,1010.6,249.7,0.328952455,1,0,0,0,0,4,0,1,0,0
4/19/2022,5174,1295,0,1,0,0,0,0,0,0,20.5,61.7,0,1013.9,227.5,0.250289911,1,0,0,0,0,4,0,1,0,0
4/20/2022,5174,1227,0,0,1,0,0,0,0,0,17,77.9,0,1014.9,111,0.237147275,1,0,0,0,0,4,0,1,0,0
4/21/2022,5174,1116,0,0,0,1,0,0,0,0,17.3,78.2,0,1015.3,217.2,0.215693854,1,0,0,0,0,4,0,1,0,0
4/22/2022,5174,1146,0,0,0,0,1,0,0,0,19.8,61,0,1014.7,287.1,0.221492076,1,0,0,0,0,4,0,1,0,0
4/23/2022,5174,564,0,0,0,0,0,1,0,0,22,49.7,0,1013.5,266.1,0.109006571,1,0,0,0,0,4,0,1,0,0
4/24/2022,5174,186,0,0,0,0,0,0,1,0,20,68.7,0,1014.4,210.5,0.035948976,1,0,0,0,0,4,0,1,0,0
4/25/2022,5174,1321,1,0,0,0,0,0,0,0,18.8,49.7,0,1017.6,260.2,0.255315037,1,0,0,0,0,4,0,1,0,0
4/26/2022,5174,864,0,1,0,0,0,0,0,0,20,41.9,0,1015.8,232.9,0.16698879,1,0,0,0,0,4,0,1,0,0
4/27/2022,5174,766,0,0,1,0,0,0,0,0,21.7,46.2,0,1016.8,300,0.148047932,1,0,0,0,0,4,0,1,0,0
4/28/2022,5174,699,0,0,0,1,0,0,0,0,22.6,39.2,0,1013.4,298.7,0.13509857,1,0,0,0,0,4,0,1,0,0
4/29/2022,5174,716,0,0,0,0,1,0,0,0,24.4,40.5,0,1013.6,216.5,0.138384229,1,0,0,0,0,4,0,1,0,0
4/30/2022,5174,225,0,0,0,0,0,1,0,0,25.4,44.8,0,1011.6,286.6,0.043486664,0,1,0,0,0,4,0,1,0,0
05/01/2022,5174,64,0,0,0,0,0,0,1,0,27.3,39.2,0,1006.1,297.2,0.01236954,0,1,0,0,0,5,0,1,0,0
05/02/2022,5174,47,1,0,0,0,0,0,0,1,26,44.4,0,1003.3,246.9,0.009083881,0,1,0,0,0,5,0,1,0,0
05/03/2022,5174,64,0,1,0,0,0,0,0,0,21.3,66.3,0,1006.6,167.4,0.01236954,0,1,0,0,0,5,0,1,0,0
05/04/2022,5174,75,0,0,1,0,0,0,0,0,21,70.6,0,1011.5,164.9,0.014495555,0,1,0,0,0,5,0,1,0,0
05/05/2022,5174,351,0,0,0,1,0,0,0,0,22.9,57.7,0,1013.4,264.6,0.067839196,0,1,0,0,0,5,0,1,0,0
05/06/2022,5174,285,0,0,0,0,1,0,0,0,23.1,57.2,0,1013,284.4,0.055083108,0,1,0,0,0,5,0,1,0,0
05/07/2022,5174,186,0,0,0,0,0,1,0,0,26.1,42.4,0,1014.1,302.3,0.035948976,0,1,0,0,0,5,0,1,0,0
05/08/2022,5174,80,0,0,0,0,0,0,1,0,27.6,36.5,0,1010.4,312.7,0.015461925,0,1,0,0,0,5,0,1,0,0
05/09/2022,5174,84,1,0,0,0,0,0,0,1,28.1,38.7,0,1006,262.8,0.016235021,0,1,0,0,0,5,0,1,0,0
05/10/2022,5174,317,0,1,0,0,0,0,0,0,20.1,70.8,0,1014.6,160.3,0.061267878,0,1,0,0,0,5,0,1,0,0
05/11/2022,5174,390,0,0,1,0,0,0,0,0,21.9,58.5,0,1016.8,259.8,0.075376884,0,1,0,0,0,5,0,1,0,0
05/12/2022,5174,360,0,0,0,1,0,0,0,0,22.4,53.3,0,1014.1,305,0.069578663,0,1,0,0,0,5,0,1,0,0
5/13/2022,5174,354,0,0,0,0,1,0,0,0,20.1,61.1,0,1012.7,194.9,0.068419018,0,1,0,0,0,5,0,1,0,0
5/14/2022,5174,176,0,0,0,0,0,1,0,0,16.3,86.9,0,1016.7,140.8,0.034016235,0,1,0,0,0,5,0,1,0,0
5/15/2022,5174,103,0,0,0,0,0,0,1,0,19.7,62.4,0,1017.6,296.5,0.019907228,0,1,0,0,0,5,0,1,0,0
5/16/2022,5174,348,1,0,0,0,0,0,0,0,23.1,49.4,0,1013,305.5,0.067259374,0,1,0,0,0,5,0,1,0,0
5/17/2022,5174,343,0,1,0,0,0,0,0,0,25.3,36.3,0,1008.7,300.4,0.066293003,0,1,0,0,0,5,0,1,0,0
5/18/2022,5174,362,0,0,1,0,0,0,0,0,23.9,45,0,1011.2,225.3,0.069965211,0,1,0,0,0,5,0,1,0,0
5/19/2022,5174,329,0,0,0,1,0,0,0,0,25.6,40,0,1012.7,291.8,0.063587167,0,1,0,0,0,5,0,1,0,0
5/20/2022,5174,293,0,0,0,0,1,0,0,0,24.1,46.1,0,1010,275.5,0.0566293,0,1,0,0,0,5,0,1,0,0
5/21/2022,5174,189,0,0,0,0,0,1,0,0,25.5,39.9,0,1007.4,298.4,0.036528798,0,1,0,0,0,5,0,1,0,0
5/22/2022,5174,101,0,0,0,0,0,0,1,0,16,66.9,0,1016.7,129.4,0.01952068,0,1,0,0,0,5,0,1,0,0
5/23/2022,5174,324,1,0,0,0,0,0,0,0,17.1,60.3,0,1014.2,319.8,0.062620796,0,1,0,0,0,5,0,1,0,0
5/24/2022,5174,297,0,1,0,0,0,0,0,0,22.9,45.2,0,1007.2,328.8,0.057402397,0,1,0,0,0,5,0,1,0,0
5/25/2022,5174,297,0,0,1,0,0,0,0,0,26.3,38,0,1008.9,329.2,0.057402397,0,1,0,0,0,5,0,1,0,0
5/26/2022,5174,277,0,0,0,1,0,0,0,0,27.5,35.7,0,1010.3,295.1,0.053536915,0,1,0,0,0,5,0,1,0,0
5/27/2022,5174,289,0,0,0,0,1,0,0,0,22.6,49.4,0,1011.6,247.3,0.055856204,0,1,0,0,0,5,0,1,0,0
5/28/2022,5174,202,0,0,0,0,0,1,0,0,19.5,55.8,0,1019.2,262.6,0.039041361,0,1,0,0,0,5,0,1,0,0
5/29/2022,5174,93,0,0,0,0,0,0,1,0,20.3,46.2,0,1020.1,304.3,0.017974488,0,1,0,0,0,5,0,1,0,0
5/30/2022,5174,318,1,0,0,0,0,0,0,0,19.6,51.1,0,1016.3,300.1,0.061461152,0,0,1,0,0,5,0,1,0,0
5/31/2022,5174,307,0,1,0,0,0,0,0,0,23.1,40.6,0,1014.9,325.7,0.059335137,0,0,1,0,0,5,0,1,0,0
06/01/2022,5174,328,0,0,1,0,0,0,0,0,25.3,38.2,0,1012.9,329.5,0.063393893,0,0,1,0,0,6,0,0,1,0
06/02/2022,5174,327,0,0,0,1,0,0,0,0,26.5,32.9,0,1012.2,304.7,0.063200618,0,0,1,0,0,6,0,0,1,0
06/03/2022,5174,336,0,0,0,0,1,0,0,0,26,32.7,0,1010.2,276.2,0.064940085,0,0,1,0,0,6,0,0,1,0
06/04/2022,5174,202,0,0,0,0,0,1,0,0,25.4,36.1,0,1014.6,324.3,0.039041361,0,0,1,0,0,6,0,0,1,0
06/05/2022,5174,76,0,0,0,0,0,0,1,0,26.9,33.8,0,1012.3,336.8,0.014688829,0,0,1,0,0,6,0,0,1,0
06/06/2022,5174,407,1,0,0,0,0,0,0,0,27.8,28.1,0,1009.9,338.4,0.078662543,0,0,1,0,0,6,0,0,1,0
06/07/2022,5174,360,0,1,0,0,0,0,0,0,29,24.8,0,1007.7,339.7,0.069578663,0,0,1,0,0,6,0,0,1,0
06/08/2022,5174,413,0,0,1,0,0,0,0,0,29.5,27.1,0,1007.3,324.2,0.079822188,0,0,1,0,0,6,0,0,1,0
06/09/2022,5174,379,0,0,0,1,0,0,0,0,30.8,25.5,0,1005.6,308.2,0.07325087,0,0,1,0,0,6,0,0,1,0
06/10/2022,5174,390,0,0,0,0,1,0,0,0,30.8,27.8,0,1004.4,303.5,0.075376884,0,0,1,0,0,6,0,0,1,0
06/11/2022,5174,357,0,0,0,0,0,1,0,0,29.4,33.5,0,1005.4,283.2,0.06899884,0,0,1,0,0,6,0,0,1,0
06/12/2022,5174,88,0,0,0,0,0,0,1,0,24.1,56.5,0,1008,301.7,0.017008118,0,0,1,0,0,6,0,0,1,0
6/13/2022,5174,846,1,0,0,0,0,0,0,0,26.2,48.4,0,1008.6,274.8,0.163509857,1,0,0,0,0,6,0,0,1,0
6/14/2022,5174,620,0,1,0,0,0,0,0,0,29.4,31.6,0,1008.1,302.1,0.119829919,1,0,0,0,0,6,0,0,1,0
6/15/2022,5174,594,0,0,1,0,0,0,0,0,30.3,28.6,0,1006.5,284.6,0.114804793,1,0,0,0,0,6,0,0,1,0
6/16/2022,5174,710,0,0,0,1,0,0,0,0,30.4,30.6,0,1005.7,270.4,0.137224584,1,0,0,0,0,6,0,0,1,0
6/17/2022,5174,823,0,0,0,0,1,0,0,0,28.2,39.4,0,1006.9,288.1,0.159064554,1,0,0,0,0,6,0,0,1,0
6/18/2022,5174,209,0,0,0,0,0,1,0,0,29.2,29.7,0,1006.9,323.7,0.040394279,1,0,0,0,0,6,0,0,1,0
6/19/2022,5174,76,0,0,0,0,0,0,1,0,28.9,28.3,0,1005.8,285,0.014688829,1,0,0,0,0,6,0,0,1,0
6/20/2022,5174,566,1,0,0,0,0,0,0,0,21.8,64.5,0,1007.6,169.4,0.109393119,1,0,0,0,0,6,0,0,1,0
6/21/2022,5174,335,0,1,0,0,0,0,0,0,23.4,50.5,0,1006.8,264.7,0.064746811,1,0,0,0,0,6,0,0,1,0
6/22/2022,5174,378,0,0,1,0,0,0,0,0,24.3,54.2,0,1004.3,254.6,0.073057596,1,0,0,0,0,6,0,0,1,0
6/23/2022,5174,385,0,0,0,1,0,0,0,0,27.4,48.8,0,1006.3,295.2,0.074410514,1,0,0,0,0,6,0,0,1,0
6/24/2022,5174,248,0,0,0,0,1,0,0,0,29.8,43,0,1006.8,319.6,0.047931968,1,0,0,0,0,6,0,0,1,0
6/25/2022,5174,93,0,0,0,0,0,1,0,0,30.9,39.4,0,1005.9,332.3,0.017974488,0,1,0,0,0,6,0,0,1,0
6/26/2022,5174,60,0,0,0,0,0,0,1,0,32.1,35.5,0,1004.7,332.5,0.011596444,0,1,0,0,0,6,0,0,1,0
6/27/2022,5174,207,1,0,0,0,0,0,0,0,33.9,28.7,0,1004.7,317.8,0.040007731,0,1,0,0,0,6,0,0,1,0
6/28/2022,5174,183,0,1,0,0,0,0,0,0,34.1,24.5,0,1004.9,335.1,0.035369153,0,1,0,0,0,6,0,0,1,0
6/29/2022,5174,170,0,0,1,0,0,0,0,0,33.7,28.6,0,1002.7,333,0.032856591,0,1,0,0,0,6,0,0,1,0
6/30/2022,5174,151,0,0,0,1,0,0,0,0,32.5,28.1,0,1003,330.5,0.029184383,0,1,0,0,0,6,0,0,1,0
07/01/2022,5174,149,0,0,0,0,1,0,0,0,30.4,17.3,0,1007.2,341.9,0.028797835,0,1,0,0,0,7,0,0,1,0
07/02/2022,5174,32,0,0,0,0,0,1,0,0,29.9,22.4,0,1005.5,343.1,0.00618477,0,1,0,0,0,7,0,0,1,0
07/03/2022,5174,1,0,0,0,0,0,0,1,0,32.4,20.8,0,1000.7,334.8,0.000193274,0,1,0,0,0,7,0,0,1,0
07/04/2022,5174,147,1,0,0,0,0,0,0,0,31.2,27.8,0,1000.8,330.6,0.028411287,0,1,0,0,0,7,0,0,1,0
07/05/2022,5174,135,0,1,0,0,0,0,0,0,24.3,33.8,0,1010.8,220.7,0.026091998,0,1,0,0,0,7,0,0,1,0
07/06/2022,5174,125,0,0,1,0,0,0,0,0,26.1,35.1,0,1009.2,339.2,0.024159258,0,1,0,0,0,7,0,0,1,0
07/07/2022,5174,102,0,0,0,1,0,0,0,0,27.6,30.6,0,1012.5,337.2,0.019713954,0,1,0,0,0,7,0,0,1,0
07/08/2022,5174,80,0,0,0,0,1,0,0,0,27.6,26.7,0,1010.3,341.3,0.015461925,0,1,0,0,0,7,0,0,1,0
7/13/2022,5174,106,0,0,1,0,0,0,0,0,29,33.4,0,1008,317.1,0.020487051,0,1,0,0,0,7,0,0,1,0
7/14/2022,5174,43,0,0,0,1,0,0,0,0,30.3,32.9,0,1006.4,331.1,0.008310785,0,1,0,0,0,7,0,0,1,0
7/15/2022,5174,43,0,0,0,0,1,0,0,0,31.3,30.1,0,1005.6,333.7,0.008310785,0,1,0,0,0,7,0,0,1,0
7/16/2022,5174,26,0,0,0,0,0,1,0,0,32.3,27.5,0,1005.9,337.9,0.005025126,0,1,0,0,0,7,0,0,1,0
7/17/2022,5174,1,0,0,0,0,0,0,1,0,32.7,22.8,0,1006.4,341.1,0.000193274,0,1,0,0,0,7,0,0,1,0
7/18/2022,5174,95,1,0,0,0,0,0,0,0,32.8,23.6,0,1005.9,336,0.018361036,0,1,0,0,0,7,0,0,1,0
7/19/2022,5174,83,0,1,0,0,0,0,0,0,31.4,29.1,0,1006.1,334.8,0.016041747,0,1,0,0,0,7,0,0,1,0
7/20/2022,5174,77,0,0,1,0,0,0,0,0,32,30,0,1004.3,331.3,0.014882103,0,1,0,0,0,7,0,0,1,0
7/21/2022,5174,84,0,0,0,1,0,0,0,0,33.1,32.1,0,1000.2,331.7,0.016235021,0,1,0,0,0,7,0,0,1,0
7/22/2022,5174,76,0,0,0,0,1,0,0,0,34,27.8,0,999.7,333.1,0.014688829,0,1,0,0,0,7,0,0,1,0
7/23/2022,5174,19,0,0,0,0,0,1,0,0,34.1,27.9,0,998.4,327.5,0.003672207,0,1,0,0,0,7,0,0,1,0
7/25/2022,5174,122,1,0,0,0,0,0,0,0,33.7,30,0,1002.4,325.2,0.023579436,0,1,0,0,0,7,0,0,1,0
7/26/2022,5174,90,0,1,0,0,0,0,0,0,34.2,28.1,0,1003.6,322.2,0.017394666,0,1,0,0,0,7,0,0,1,0
7/27/2022,5174,136,0,0,1,0,0,0,0,0,32.8,32.1,0,1005.3,300.2,0.026285273,0,1,0,0,0,7,0,0,1,0
7/28/2022,5174,89,0,0,0,1,0,0,0,0,31.9,24.6,0,1006.8,301.4,0.017201392,0,1,0,0,0,7,0,0,1,0
7/29/2022,5174,69,0,0,0,0,1,0,0,0,31.2,27.4,0,1007.9,314.3,0.01333591,0,1,0,0,0,7,0,0,1,0
7/30/2022,5174,29,0,0,0,0,0,1,0,0,29.7,31.1,0,1007.4,297.9,0.005604948,0,1,0,0,0,7,0,0,1,0
08/01/2022,5174,98,1,0,0,0,0,0,0,0,29.2,29,0,1005.1,313.5,0.018940858,0,1,0,0,0,8,0,0,1,0
08/02/2022,5174,76,0,1,0,0,0,0,0,0,26.9,40.3,0,1006,229.2,0.014688829,0,1,0,0,0,8,0,0,1,0
08/03/2022,5174,84,0,0,1,0,0,0,0,0,26.3,45.5,0,1007.4,283.7,0.016235021,0,1,0,0,0,8,0,0,1,0
08/04/2022,5174,80,0,0,0,1,0,0,0,0,26.6,40.8,0,1007.6,287.9,0.015461925,0,1,0,0,0,8,0,0,1,0
08/05/2022,5174,82,0,0,0,0,1,0,0,0,27.6,36.8,0,1005.4,281,0.015848473,0,1,0,0,0,8,0,0,1,0
08/06/2022,5174,28,0,0,0,0,0,1,0,0,26.8,39.1,0,1004.2,286.6,0.005411674,0,1,0,0,0,8,0,0,1,0
08/08/2022,5174,116,1,0,0,0,0,0,0,0,28.5,35.2,0,1004.2,292.9,0.022419791,0,1,0,0,0,8,0,0,1,0
08/09/2022,5174,85,0,1,0,0,0,0,0,0,29.8,28.4,0,1006.9,297.9,0.016428295,0,1,0,0,0,8,0,0,1,0
08/10/2022,5174,106,0,0,1,0,0,0,0,0,29.2,24.5,0,1008.7,293.3,0.020487051,0,1,0,0,0,8,0,0,1,0
08/11/2022,5174,76,0,0,0,1,0,0,0,0,27.9,26.4,0,1009.6,301.1,0.014688829,0,1,0,0,0,8,0,0,1,0
08/12/2022,5174,87,0,0,0,0,1,0,0,0,27.7,32.1,0,1009.7,304,0.016814843,0,1,0,0,0,8,0,0,1,0
8/13/2022,5174,39,0,0,0,0,0,1,0,0,28.5,34.1,0,1008.1,302.8,0.007537688,0,1,0,0,0,8,0,0,1,0
8/15/2022,5174,98,1,0,0,0,0,0,0,0,30.4,33.8,0,1003.9,294.7,0.018940858,0,1,0,0,0,8,0,0,1,0
8/16/2022,5174,93,0,1,0,0,0,0,0,0,29.9,36.7,0,1005.4,287.6,0.017974488,0,1,0,0,0,8,0,0,1,0
8/17/2022,5174,93,0,0,1,0,0,0,0,0,30.6,26.2,0,1006.1,298.5,0.017974488,0,1,0,0,0,8,0,0,1,0
8/18/2022,5174,93,0,0,0,1,0,0,0,0,25.6,31.4,0,1006.7,299.7,0.017974488,0,1,0,0,0,8,0,0,1,0
8/19/2022,5174,132,0,0,0,0,1,0,0,0,26.6,29.9,0,1007,297,0.025512176,0,1,0,0,0,8,0,0,1,0
8/20/2022,5174,85,0,0,0,0,0,1,0,0,23.8,30.5,0,1009,293.8,0.016428295,0,1,0,0,0,8,0,0,1,0
8/21/2022,5174,2,0,0,0,0,0,0,1,0,20.5,35.1,0,1011,297.8,0.000386548,0,1,0,0,0,8,0,0,1,0
8/22/2022,5174,100,1,0,0,0,0,0,0,0,22.5,33.5,0,1010.2,294.3,0.019327406,0,1,0,0,0,8,0,0,1,0
8/23/2022,5174,73,0,1,0,0,0,0,0,0,24,33.6,0,1011.2,289.8,0.014109007,0,1,0,0,0,8,0,0,1,0
8/24/2022,5174,80,0,0,1,0,0,0,0,0,24.3,32.9,0,1012.1,284.9,0.015461925,0,1,0,0,0,8,0,0,1,0
8/25/2022,5174,83,0,0,0,1,0,0,0,0,25.1,28.6,0,1013.1,284.2,0.016041747,0,1,0,0,0,8,0,0,1,0
8/26/2022,5174,85,0,0,0,0,1,0,0,0,26,25,0,1014.2,285,0.016428295,0,1,0,0,0,8,0,0,1,0
8/27/2022,5174,89,0,0,0,0,0,1,0,0,25.8,27,0,1012.2,282.8,0.017201392,0,1,0,0,0,8,0,0,1,0
8/29/2022,5174,126,1,0,0,0,0,0,0,0,26.4,28.3,0,1013.7,274.6,0.024352532,0,1,0,0,0,8,0,0,1,0
8/30/2022,5174,99,0,1,0,0,0,0,0,0,26.7,27.3,0,1014.8,272.7,0.019134132,0,1,0,0,0,8,0,0,1,0
8/31/2022,5174,91,0,0,1,0,0,0,0,0,26,28.1,0,1014.2,274.5,0.01758794,0,1,0,0,0,8,0,0,1,0
09/01/2022,5174,1,0,0,0,1,0,0,0,1,26.2,26.6,0,1013.7,273.9,0.000193274,0,1,0,0,0,9,1,0,0,0
09/02/2022,5174,2,0,0,0,0,1,0,0,0,27,28.3,0,1013.7,270.4,0.000386548,0,1,0,0,0,9,1,0,0,0
09/03/2022,5174,10,0,0,0,0,0,1,0,0,27.5,31.9,0,1012.1,267.3,0.001932741,0,1,0,0,0,9,1,0,0,0
09/04/2022,5174,2,0,0,0,0,0,0,1,0,27.7,34.2,0,1007.3,263.5,0.000386548,0,1,0,0,0,9,1,0,0,0
09/05/2022,5174,1337,1,0,0,0,0,0,0,0,28.1,33.5,0,1004.6,261.1,0.258407422,0,0,0,1,0,9,1,0,0,0
09/06/2022,5174,1306,0,1,0,0,0,0,0,0,28.7,27.6,0,1007,258.6,0.252415926,0,0,0,1,0,9,1,0,0,0
09/07/2022,5174,1288,0,0,1,0,0,0,0,0,29.4,23.6,0,1010.3,259.3,0.248936993,0,0,0,1,0,9,1,0,0,0
09/08/2022,5174,1271,0,0,0,1,0,0,0,0,25.1,38.3,0,1015.1,251.8,0.245651334,0,0,0,1,0,9,1,0,0,0
09/09/2022,5214,1522,0,0,0,0,1,0,0,0,25.6,37.2,0,1015.7,245.3,0.291906406,0,0,0,1,0,9,1,0,0,0
09/10/2022,5214,329,0,0,0,0,0,1,0,0,26.4,38.6,0,1011,241.4,0.063099348,0,0,0,1,0,9,1,0,0,0
09/11/2022,5214,225,0,0,0,0,0,0,1,0,20.6,27.7,0,1016.5,246.8,0.043153049,0,0,0,1,0,9,1,0,0,0
09/12/2022,5214,2010,1,0,0,0,0,0,0,0,19.1,23.2,0,1017.7,253.9,0.385500575,0,0,0,1,0,9,1,0,0,0
9/13/2022,5214,2024,0,1,0,0,0,0,0,0,20.4,31.4,0,1014.6,251.7,0.388185654,0,0,0,1,0,9,1,0,0,0
9/14/2022,5214,2051,0,0,1,0,0,0,0,0,22.9,29.1,0,1011.4,247.9,0.39336402,0,0,0,1,0,9,1,0,0,0
9/15/2022,5214,2143,0,0,0,1,0,0,0,0,23.8,28.5,0,1009.6,243.5,0.411008822,0,0,0,1,0,9,1,0,0,0
9/16/2022,5214,2048,0,0,0,0,1,0,0,0,23.1,30.9,0,1010.3,237.7,0.392788646,0,0,0,1,0,9,1,0,0,0
9/17/2022,5214,530,0,0,0,0,0,1,0,0,23.2,32,0,1010.3,225.2,0.101649405,0,0,0,1,0,9,1,0,0,0
9/18/2022,5214,304,0,0,0,0,0,0,1,0,25.9,27.8,0,1012.8,228,0.058304565,0,0,0,1,0,9,1,0,0,0
9/19/2022,5214,2158,1,0,0,0,0,0,0,0,25.7,29,0,1012.2,228.8,0.413885692,0,0,0,1,0,9,1,0,0,0
9/20/2022,5214,2276,0,1,0,0,0,0,0,0,24.9,33.4,0,1010.5,225.8,0.436517069,0,0,0,1,0,9,1,0,0,0
9/21/2022,5214,2182,0,0,1,0,0,0,0,0,25.1,34.8,0,1011,223.1,0.418488684,0,0,0,1,0,9,1,0,0,0
9/22/2022,5214,2360,0,0,0,1,0,0,0,0,26.2,26.2,0,1011.9,224.9,0.452627541,0,0,0,1,0,9,1,0,0,0
9/23/2022,5214,2214,0,0,0,0,1,0,0,0,24.2,28.5,0,1010.6,224.5,0.424626007,0,0,0,1,0,9,1,0,0,0
9/24/2022,5214,672,0,0,0,0,0,1,0,0,24.5,30.4,0,1010.5,220.5,0.128883774,0,0,0,1,0,9,1,0,0,0
9/25/2022,5214,300,0,0,0,0,0,0,1,0,24.2,30,0,1011.5,219.6,0.057537399,0,0,0,1,0,9,1,0,0,0
9/26/2022,5214,2102,1,0,0,0,0,0,0,0,24.8,29,0,1015.9,217.3,0.403145378,0,0,0,1,0,9,1,0,0,0
9/27/2022,5214,2239,0,1,0,0,0,0,0,0,20.9,36,0,1018.4,211,0.42942079,0,0,0,1,0,9,1,0,0,0
9/28/2022,5214,2187,0,0,1,0,0,0,0,0,19.9,25.7,0,1016.1,214,0.419447641,0,0,0,1,0,9,1,0,0,0
9/29/2022,5214,2337,0,0,0,1,0,0,0,0,19.7,33.1,0,1013.4,206.4,0.448216341,0,0,0,1,0,9,1,0,0,0
9/30/2022,5214,2104,0,0,0,0,1,0,0,0,18.5,43.1,0,1014.2,153.6,0.40352896,0,0,0,1,0,9,1,0,0,0
10/01/2022,5214,323,0,0,0,0,0,1,0,1,17.5,43.7,0,1017.2,199,0.0619486,0,0,0,1,0,10,1,0,0,0
10/02/2022,5214,255,0,0,0,0,0,0,1,0,16.1,34.6,0,1017,201.5,0.048906789,0,0,0,1,0,10,1,0,0,0
10/03/2022,5214,2163,1,0,0,0,0,0,0,0,17.2,37.8,0,1015.7,167.9,0.414844649,0,0,0,1,0,10,1,0,0,0
10/04/2022,5214,2268,0,1,0,0,0,0,0,0,18.2,35.9,0,1020,197.3,0.434982739,0,0,0,1,0,10,1,0,0,0
10/05/2022,5214,2231,0,0,1,0,0,0,0,0,15.9,30.6,0,1022.4,202.8,0.42788646,0,0,0,1,0,10,1,0,0,0
10/06/2022,5214,2348,0,0,0,1,0,0,0,0,16,33.2,0,1021.2,195.3,0.450326045,0,0,0,1,0,10,1,0,0,0
10/07/2022,5214,2118,0,0,0,0,1,0,0,0,16.8,36.1,0,1021.1,191.3,0.406214039,0,0,0,1,0,10,1,0,0,0
10/08/2022,5214,587,0,0,0,0,0,1,0,0,18,37.4,0,1022.2,187.3,0.112581511,0,0,0,1,0,10,1,0,0,0
10/09/2022,5214,585,0,0,0,0,0,0,1,0,17.5,35.4,0,1022.5,187.2,0.112197929,0,0,0,1,0,10,1,0,0,0
10/10/2022,5214,2156,1,0,0,0,0,0,0,0,15.4,40.9,0,1022.1,187.4,0.41350211,0,0,0,1,0,10,1,0,0,0
10/11/2022,5214,2287,0,1,0,0,0,0,0,0,16.7,35.3,0,1017.9,184,0.438626774,0,0,0,1,0,10,1,0,0,0
10/12/2022,5214,2318,0,0,1,0,0,0,0,0,16.3,36,0,1017.7,183.6,0.444572305,0,0,0,1,0,10,1,0,0,0
10/13/2022,5214,2385,0,0,0,1,0,0,0,0,18,31,0,1020.5,178.6,0.457422325,0,0,0,1,0,10,1,0,0,0
10/14/2022,5214,2271,0,0,0,0,1,0,0,0,19.8,26.2,0,1020.3,159.7,0.435558113,0,0,0,1,0,10,1,0,0,0
10/15/2022,5214,1434,0,0,0,0,0,1,0,0,18.9,34.9,0,1019.9,168.6,0.275028769,0,0,0,1,0,10,1,0,0,0
10/16/2022,5214,314,0,0,0,0,0,0,1,0,18.9,35.9,0,1020.6,167.4,0.060222478,0,0,0,1,0,10,1,0,0,0
10/17/2022,5214,2239,1,0,0,0,0,0,0,0,17.2,45.9,0,1023.3,130.4,0.42942079,0,0,0,1,0,10,1,0,0,0
10/18/2022,5214,2388,0,1,0,0,0,0,0,0,14.3,72.1,0,1023.3,80.4,0.457997699,0,0,0,1,0,10,1,0,0,0
10/19/2022,5214,2429,0,0,1,0,0,0,0,0,9.6,78.1,0,1024.5,44.8,0.465861143,0,0,0,1,0,10,1,0,0,0
10/20/2022,5214,2512,0,0,0,1,0,0,0,0,10.6,61.4,0,1026.5,162.6,0.481779824,0,0,0,1,0,10,1,0,0,0
10/21/2022,5214,2184,0,0,0,0,1,0,0,0,14,50.8,0,1019.9,162.1,0.418872267,0,0,0,1,0,10,1,0,0,0
10/22/2022,5214,1181,0,0,0,0,0,1,0,0,19.9,30.7,0,1018.2,152.6,0.226505562,0,0,0,1,0,10,1,0,0,0
10/23/2022,5214,344,0,0,0,0,0,0,1,0,11.9,74.8,0,1027.2,50.6,0.065976218,0,0,0,1,0,10,1,0,0,0
10/24/2022,5214,2755,1,0,0,0,0,0,0,0,10.5,96.4,0,1021.2,49.3,0.528385117,0,0,0,1,0,10,1,0,0,0
10/25/2022,5214,2225,0,1,0,0,0,0,0,0,13.3,91.2,0,1017.1,116.2,0.426735712,0,0,0,1,0,10,1,0,0,0
10/26/2022,5214,2229,0,0,1,0,0,0,0,0,13.3,79.2,0,1024.4,105.6,0.427502877,0,0,0,1,0,10,1,0,0,0
10/27/2022,5214,2281,0,0,0,1,0,0,0,0,12.3,69.8,0,1027.7,113.4,0.437476026,0,0,0,1,0,10,1,0,0,0
10/28/2022,5214,1958,0,0,0,0,1,0,0,0,13.2,57.7,0,1023.5,132.6,0.375527426,0,0,0,1,0,10,1,0,0,0
10/29/2022,5214,778,0,0,0,0,0,1,0,0,15,66.3,0,1020.9,94.6,0.149213656,0,0,0,1,0,10,1,0,0,0
10/30/2022,5214,290,0,0,0,0,0,0,1,0,12.1,90.8,0,1022,23.9,0.055619486,0,0,0,1,0,10,1,0,0,0
10/31/2022,5214,2318,1,0,0,0,0,0,0,0,12.1,78.1,0,1023.2,127.6,0.444572305,0,0,0,1,0,10,1,0,0,0
11/01/2022,5214,2181,0,1,0,0,0,0,0,0,14.5,53.6,0,1015.7,140.6,0.418296893,0,0,0,1,0,11,1,0,0,0
11/02/2022,5214,2299,0,0,1,0,0,0,0,0,12.5,85,0,1017.9,16.1,0.44092827,0,0,0,1,0,11,1,0,0,0
11/03/2022,5214,2276,0,0,0,1,0,0,0,0,12.6,78.2,0,1019.3,126.5,0.436517069,0,0,0,1,0,11,1,0,0,0
11/04/2022,5214,2003,0,0,0,0,1,0,0,0,13,89.2,0,1016.4,53.6,0.384158036,0,0,0,1,0,11,1,0,0,0
11/05/2022,5214,671,0,0,0,0,0,1,0,0,13,86.2,0,1020.5,111.3,0.128691983,0,0,0,1,0,11,1,0,0,0
11/06/2022,5214,291,0,0,0,0,0,0,1,0,12.6,74.6,0,1018.1,105.9,0.055811277,0,0,0,1,0,11,1,0,0,0
11/07/2022,5214,2104,1,0,0,0,0,0,0,0,10.9,89.4,0,1018.3,21.6,0.40352896,0,0,0,1,0,11,1,0,0,0
11/08/2022,5214,2139,0,1,0,0,0,0,0,0,5.1,90.1,0,1026.6,27.4,0.410241657,0,0,0,1,0,11,1,0,0,0
11/09/2022,5214,2229,0,0,1,0,0,0,0,0,5.1,74.4,0,1031.7,129.3,0.427502877,0,0,0,1,0,11,1,0,0,0
11/10/2022,5214,2260,0,0,0,1,0,0,0,0,5.6,68.4,0,1028.4,129.7,0.433448408,0,0,0,1,0,11,1,0,0,0
11/11/2022,5214,2032,0,0,0,0,1,0,0,0,5.5,73.8,0,1030.1,124.4,0.389719985,0,0,0,1,0,11,1,0,0,0
11/12/2022,5214,667,0,0,0,0,0,1,0,0,3.7,91.8,0,1031.1,114.1,0.127924818,0,0,0,1,0,11,1,0,0,0
11/13/2022,5214,303,0,0,0,0,0,0,1,0,5.6,81.4,0,1022.8,112.9,0.058112773,0,0,0,1,0,11,1,0,0,0
11/14/2022,5214,2092,1,0,0,0,0,0,0,0,8.1,66,0,1018.3,93.5,0.401227465,0,0,0,1,0,11,1,0,0,0
11/15/2022,5214,2209,0,1,0,0,0,0,0,0,9.8,67,0,1017.8,80.5,0.42366705,0,0,0,1,0,11,1,0,0,0
11/16/2022,5214,2187,0,0,1,0,0,0,0,0,5.1,89,0,1024.2,20.4,0.419447641,0,0,0,1,0,11,1,0,0,0
11/17/2022,5214,2414,0,0,0,1,0,0,0,0,6,58.3,0,1024.8,108.9,0.462984273,0,0,0,1,0,11,1,0,0,0
11/18/2022,5214,1929,0,0,0,0,1,0,0,0,10.5,49.1,0,1014.9,75,0.369965478,0,0,0,1,0,11,1,0,0,0
11/19/2022,5214,752,0,0,0,0,0,1,0,0,9.2,97.3,0,1021.5,43,0.144227081,0,0,0,1,0,11,1,0,0,0
11/20/2022,5214,312,0,0,0,0,0,0,1,0,9.2,83.8,0,1025.3,77.4,0.059838895,0,0,0,1,0,11,1,0,0,0
11/21/2022,5214,2179,1,0,0,0,0,0,0,0,9.4,81.7,0,1024.5,69.9,0.41791331,0,0,0,1,0,11,1,0,0,0
11/22/2022,5214,2272,0,1,0,0,0,0,0,0,12.3,64.1,0,1024.9,39.7,0.435749904,0,0,0,1,0,11,1,0,0,0
11/23/2022,5214,2221,0,0,1,0,0,0,0,0,12.4,61.2,0,1021.1,87.4,0.425968546,0,0,0,1,0,11,1,0,0,0
11/24/2022,5214,2331,0,0,0,1,0,0,0,0,13,58.4,0,1017.7,87.5,0.447065593,0,0,0,1,0,11,1,0,0,0
11/25/2022,5214,1988,0,0,0,0,1,0,0,0,10.5,72.7,0,1020.9,104.1,0.381281166,0,0,0,1,0,11,1,0,0,0
11/26/2022,5214,736,0,0,0,0,0,1,0,0,4.9,96.1,0,1023.7,100.3,0.14115842,0,0,0,1,0,11,1,0,0,0
11/27/2022,5214,308,0,0,0,0,0,0,1,0,6.4,88,0,1020.8,105.4,0.05907173,0,0,0,1,0,11,1,0,0,0
11/28/2022,5214,2055,1,0,0,0,0,0,0,0,6.3,88.1,0,1017.8,66.7,0.394131185,0,0,0,1,0,11,1,0,0,0
11/29/2022,5214,2132,0,1,0,0,0,0,0,0,8.9,90,0,1025.2,52,0.408899118,0,0,0,1,0,11,1,0,0,0
11/30/2022,5214,2099,0,0,1,0,0,0,0,0,9.2,86.6,0,1026.1,65.2,0.402570004,0,0,0,1,0,11,1,0,0,0
12/01/2022,5214,2173,0,0,0,1,0,0,0,0,0.9,82.2,0,1029.7,63.7,0.416762562,0,0,0,1,0,12,0,0,0,1
12/02/2022,5214,1766,0,0,0,0,1,0,0,0,0.3,79.4,0,1029.8,65.4,0.338703491,0,0,0,1,0,12,0,0,0,1
12/03/2022,5214,827,0,0,0,0,0,1,0,0,-0.8,83.8,0,1028.4,99.7,0.158611431,0,0,0,1,0,12,0,0,0,1
12/04/2022,5214,315,0,0,0,0,0,0,1,0,-1,90.1,0.9,1029.7,58.7,0.060414269,0,0,0,1,0,12,0,0,0,1
12/05/2022,5214,1527,1,0,0,0,0,0,0,0,-4.2,93.5,6.8,1032.6,45.1,0.292865362,0,0,1,0,0,12,0,0,0,1
12/06/2022,5214,1569,0,1,0,0,0,0,0,0,-3.6,93.4,0,1032.8,98.5,0.300920598,0,0,1,0,0,12,0,0,0,1
12/07/2022,5214,1473,0,0,1,0,0,0,0,0,-0.6,95.2,0,1030,93.5,0.282508631,0,0,1,0,0,12,0,0,0,1
12/08/2022,5214,315,0,0,0,1,0,0,0,1,-2.3,93.1,0.7,1030.7,73.8,0.060414269,0,0,1,0,0,12,0,0,0,1
12/09/2022,5214,1540,0,0,0,0,1,0,0,0,-5.6,84.1,1.6,1035.4,74.2,0.29535865,0,0,1,0,0,12,0,0,0,1
12/10/2022,5214,1081,0,0,0,0,0,1,0,0,-5.7,83.7,0,1035.1,106.3,0.207326429,0,0,1,0,0,12,0,0,0,1
12/11/2022,5214,311,0,0,0,0,0,0,1,0,-4.5,81.7,0,1031,103.6,0.059647104,0,0,1,0,0,12,0,0,0,1
12/12/2022,5214,2014,1,0,0,0,0,0,0,0,-3.2,78.9,0,1026.4,97.2,0.386267741,1,0,0,0,0,12,0,0,0,1
12/13/2022,5214,2143,0,1,0,0,0,0,0,0,-1.2,74.5,0,1028.3,95,0.411008822,1,0,0,0,0,12,0,0,0,1
12/14/2022,5214,1896,0,0,1,0,0,0,0,0,2.3,70.1,0,1025.7,78.5,0.363636364,1,0,0,0,0,12,0,0,0,1
12/15/2022,5214,1441,0,0,0,1,0,0,0,0,6.3,68.1,0,1025.3,97.1,0.276371308,1,0,0,0,0,12,0,0,0,1
12/16/2022,5214,1358,0,0,0,0,1,0,0,0,6.7,67,0,1023.7,97.3,0.260452628,1,0,0,0,0,12,0,0,0,1
12/17/2022,5214,680,0,0,0,0,0,1,0,0,4.4,81.5,0,1025.6,94.9,0.130418105,1,0,0,0,0,12,0,0,0,1
12/18/2022,5214,197,0,0,0,0,0,0,1,0,4,81,0,1027.6,88.6,0.037782892,1,0,0,0,0,12,0,0,0,1
12/19/2022,5214,1078,1,0,0,0,0,0,0,0,3.8,84.6,0,1025.9,91,0.206751055,1,0,0,0,0,12,0,0,0,1
12/20/2022,5214,1256,0,1,0,0,0,0,0,0,4.3,73.3,0,1023.8,92.2,0.240889912,1,0,0,0,0,12,0,0,0,1
12/21/2022,5214,677,0,0,1,0,0,0,0,0,3,75.6,0.3,1028.6,64.8,0.129842731,1,0,0,0,0,12,0,0,0,1
12/22/2022,5214,800,0,0,0,1,0,0,0,0,0.8,88.3,0,1031.5,36.1,0.153433065,1,0,0,0,0,12,0,0,0,1
12/23/2022,5214,722,0,0,0,0,1,0,0,0,-0.3,81.8,0,1031.3,86.2,0.138473341,1,0,0,0,0,12,0,0,0,1
12/24/2022,5214,219,0,0,0,0,0,1,0,0,-0.9,87.8,0,1028.3,98.6,0.042002301,0,1,0,0,0,12,0,0,0,1
12/25/2022,5214,50,0,0,0,0,0,0,1,0,0.4,76.8,0,1020.4,101.7,0.009589567,0,1,0,0,0,12,0,0,0,1
12/26/2022,5214,242,1,0,0,0,0,0,0,0,3.9,65.1,0,1021.4,99.6,0.046413502,0,1,0,0,0,12,0,0,0,1
12/27/2022,5214,131,0,1,0,0,0,0,0,0,4.2,60.7,0,1022.4,95.4,0.025124664,0,1,0,0,0,12,0,0,0,1
12/28/2022,5214,110,0,0,1,0,0,0,0,0,4.6,71.1,0,1024.7,74,0.021097046,0,1,0,0,0,12,0,0,0,1
12/29/2022,5214,73,0,0,0,1,0,0,0,0,4.6,80.1,0,1026.9,48.6,0.014000767,0,1,0,0,0,12,0,0,0,1
12/30/2022,5214,33,0,0,0,0,1,0,0,0,4.3,82.7,0,1032.6,68.7,0.006329114,0,1,0,0,0,12,0,0,0,1
01/02/2023,5214,1,1,0,0,0,0,0,0,0,2.4,75.5,0,1031.4,98.1,0.000191791,0,1,0,0,0,1,0,0,0,1
01/03/2023,5214,1,0,1,0,0,0,0,0,0,2.9,77.9,0.2,1028.4,13.9,0.000191791,0,1,0,0,0,1,0,0,0,1
01/04/2023,5214,77,0,0,1,0,0,0,0,0,6.7,72.7,0,1029.9,78.5,0.014767932,0,1,0,0,0,1,0,0,0,1
01/05/2023,5214,92,0,0,0,1,0,0,0,0,9,48.6,0,1019.1,101.5,0.017644802,0,1,0,0,0,1,0,0,0,1
01/06/2023,5214,101,0,0,0,0,1,0,0,0,8.8,73.1,0,1021.1,31.6,0.019370924,0,1,0,0,0,1,0,0,0,1
01/07/2023,5214,107,0,0,0,0,0,1,0,0,9.7,74.3,0,1017.1,82,0.020521672,0,1,0,0,0,1,0,0,0,1
01/08/2023,5214,51,0,0,0,0,0,0,1,0,9.1,77.1,0,1017.8,69.3,0.009781358,0,1,0,0,0,1,0,0,0,1
01/09/2023,5214,245,1,0,0,0,0,0,0,0,4.2,94.5,0.5,1023.6,54.7,0.046988876,0,0,0,0,1,1,0,0,0,1
01/10/2023,5214,117,0,1,0,0,0,0,0,0,-5,93.9,15,1029.4,38.6,0.022439586,0,0,0,0,1,1,0,0,0,1
01/11/2023,5214,124,0,0,1,0,0,0,0,0,-11.8,79.9,0.2,1040.7,93.2,0.023782125,0,0,0,0,1,1,0,0,0,1
01/12/2023,5214,136,0,0,0,1,0,0,0,0,-15.8,84.6,0,1049.5,112.6,0.026083621,0,0,0,0,1,1,0,0,0,1
1/13/2023,5214,105,0,0,0,0,1,0,0,0,-16.5,80.8,0,1047,118,0.02013809,0,0,0,0,1,1,0,0,0,1
1/14/2023,5214,110,0,0,0,0,0,1,0,1,-13.9,70.7,0,1042.4,122.7,0.021097046,0,0,0,0,1,1,0,0,0,1
1/15/2023,5214,101,0,0,0,0,0,0,1,0,-12.5,71.9,0,1037.6,125.9,0.019370924,0,0,0,0,1,1,0,0,0,1
1/16/2023,5214,320,1,0,0,0,0,0,0,0,-10.2,72.1,0,1031.4,126.8,0.061373226,0,0,0,0,1,1,0,0,0,1
1/17/2023,5214,384,0,1,0,0,0,0,0,0,-6.2,73.2,0,1029.4,127.9,0.073647871,0,0,0,0,1,1,0,0,0,1
1/18/2023,5214,437,0,0,1,0,0,0,0,0,-5.7,69.8,0,1026.1,130.1,0.083812812,0,0,0,0,1,1,0,0,0,1
1/19/2023,5214,386,0,0,0,1,0,0,0,0,-3.4,68.7,0,1027.2,129.9,0.074031454,0,0,0,0,1,1,0,0,0,1
1/20/2023,5214,372,0,0,0,0,1,0,0,0,-4.3,73.7,0,1030.5,130.9,0.071346375,0,0,0,0,1,1,0,0,0,1
1/21/2023,5214,315,0,0,0,0,0,1,0,0,-4.7,68.5,0,1031.5,131.7,0.060414269,0,0,0,0,1,1,0,0,0,1
1/22/2023,5214,293,0,0,0,0,0,0,1,0,-5.6,79.2,0,1030.8,132,0.05619486,0,0,0,0,1,1,0,0,0,1
1/23/2023,5214,2078,1,0,0,0,0,0,0,0,-5.6,72.3,0,1032.6,129.8,0.398542386,0,0,0,0,1,1,0,0,0,1
1/24/2023,5214,2249,0,1,0,0,0,0,0,0,-4.1,70.6,0,1031.2,131.4,0.431338703,0,0,0,0,1,1,0,0,0,1
1/25/2023,5214,2080,0,0,1,0,0,0,0,0,-4.6,77.5,0,1031.7,128.2,0.398925969,0,0,0,0,1,1,0,0,0,1
1/26/2023,5214,2304,0,0,0,1,0,0,0,0,-3.4,71.1,0,1031.6,132.8,0.441887227,0,0,0,0,1,1,0,0,0,1
1/27/2023,5214,2002,0,0,0,0,1,0,0,0,-3.1,74.1,0,1029.5,136,0.383966245,0,0,0,0,1,1,0,0,0,1
1/28/2023,5214,625,0,0,0,0,0,1,0,0,0.1,64.7,0,1023.9,139.5,0.119869582,0,0,0,0,1,1,0,0,0,1
1/29/2023,5214,321,0,0,0,0,0,0,1,0,-0.6,73.1,0,1018.6,115,0.061565017,0,0,0,0,1,1,0,0,0,1
1/30/2023,5214,2186,1,0,0,0,0,0,0,0,2,62.8,0,1017.3,128.7,0.41925585,0,0,0,0,1,1,0,0,0,1
1/31/2023,5214,2288,0,1,0,0,0,0,0,0,5.7,68.9,0,1020.4,84.4,0.438818565,0,0,0,0,1,1,0,0,0,1
02/01/2023,5214,2001,0,0,1,0,0,0,0,0,8.2,61.1,0,1013.8,58.1,0.383774453,0,0,0,0,1,2,0,0,0,1
02/02/2023,5214,2211,0,0,0,1,0,0,0,0,6.8,85.3,0,1013.6,33.8,0.424050633,0,0,0,0,1,2,0,0,0,1
02/03/2023,5214,2005,0,0,0,0,1,0,0,0,7.2,80.9,0,1016.2,106.4,0.384541619,0,0,0,0,1,2,0,0,0,1
02/04/2023,5214,638,0,0,0,0,0,1,0,0,8.7,75,0,1019.9,122.2,0.122362869,0,0,0,0,1,2,0,0,0,1
02/05/2023,5214,307,0,0,0,0,0,0,1,0,7.6,73.2,0,1018.9,125,0.058879939,0,0,0,0,1,2,0,0,0,1
02/06/2023,5214,2069,1,0,0,0,0,0,0,0,6.6,64.9,0,1021,121.2,0.396816264,0,0,0,0,1,2,0,0,0,1
02/07/2023,5214,2269,0,1,0,0,0,0,0,0,8.3,47.2,0,1019.8,149.4,0.43517453,0,0,0,0,1,2,0,0,0,1
02/08/2023,5214,2236,0,0,1,0,0,0,0,0,7.4,50,0,1009.5,84.3,0.428845416,0,0,0,0,1,2,0,0,0,1
02/09/2023,5214,2230,0,0,0,1,0,0,0,0,2.7,88.7,2.4,1011.8,21.2,0.427694668,0,0,0,0,1,2,0,0,0,1
02/10/2023,5214,1901,0,0,0,0,1,0,0,0,-3.5,70.7,0,1027.3,114.6,0.36459532,0,0,0,0,1,2,0,0,0,1
02/11/2023,5214,654,0,0,0,0,0,1,0,0,-1,63.9,0,1033.6,151.4,0.12543153,0,0,0,0,1,2,0,0,0,1
02/12/2023,5214,307,0,0,0,0,0,0,1,0,1.1,54.9,0,1033.4,162.5,0.058879939,0,0,0,0,1,2,0,0,0,1
2/13/2023,5214,2164,1,0,0,0,0,0,0,0,3.1,56.4,0,1022.9,92.2,0.41503644,0,0,0,0,1,2,0,0,0,1
2/14/2023,5214,2299,0,1,0,0,0,0,0,0,6.3,71.9,0.1,1023.1,99.1,0.44092827,0,0,0,0,1,2,0,0,0,1
2/15/2023,5214,2208,0,0,1,0,0,0,0,0,5.8,86.3,0,1021,57.3,0.423475259,0,0,0,0,1,2,0,0,0,1
2/16/2023,5214,2279,0,0,0,1,0,0,0,0,6.5,95.2,0,1015.5,26.6,0.437092443,0,0,0,0,1,2,0,0,0,1
2/17/2023,5214,2056,0,0,0,0,1,0,0,0,6.6,95.8,0,1022.5,29.9,0.394322977,0,0,0,0,1,2,0,0,0,1
2/18/2023,5214,842,0,0,0,0,0,1,0,0,6.4,83.4,0,1027.8,134.3,0.161488301,0,0,0,0,1,2,0,0,0,1
2/19/2023,5214,330,0,0,0,0,0,0,1,0,7.8,61.9,0,1021.7,152.2,0.063291139,0,0,0,0,1,2,0,0,0,1
2/20/2023,5214,2106,1,0,0,0,0,0,0,0,9.2,49.5,0,1018.8,163.5,0.403912543,0,0,0,0,1,2,0,0,0,1
2/21/2023,5214,2235,0,1,0,0,0,0,0,0,12.5,41.3,0,1015.4,175.4,0.428653625,0,0,0,0,1,2,0,0,0,1
2/22/2023,5214,2180,0,0,1,0,0,0,0,0,11.8,45.4,0,1010.5,118.2,0.418105102,0,0,0,0,1,2,0,0,0,1
2/23/2023,5214,2261,0,0,0,1,0,0,0,0,13.6,45.7,0,1014.6,176.5,0.433640199,0,0,0,0,1,2,0,0,0,1
2/24/2023,5214,2115,0,0,0,0,1,0,0,0,12.1,51.1,0,1013.4,145.2,0.405638665,0,0,0,0,1,2,0,0,0,1
2/25/2023,5214,694,0,0,0,0,0,1,0,0,2.4,82.6,4.2,1030.2,64.6,0.133103184,0,0,0,0,1,2,0,0,0,1
2/26/2023,5214,315,0,0,0,0,0,0,1,0,5,65.7,0,1032.5,191.5,0.060414269,0,0,0,0,1,2,0,0,0,1
2/27/2023,5214,2298,1,0,0,0,0,0,0,0,7.3,59.1,0,1029.9,195.1,0.440736479,0,0,0,0,1,2,0,0,0,1
2/28/2023,5214,2270,0,1,0,0,0,0,0,0,9.2,43.8,0,1026.9,196.5,0.435366321,0,0,0,0,1,2,0,0,0,1
03/01/2023,5214,2178,0,0,1,0,0,0,0,0,11.3,29.8,0,1022.4,198,0.417721519,0,0,0,0,1,3,0,1,0,0
03/02/2023,5214,2298,0,0,0,1,0,0,0,0,13.6,29.9,0,1018.5,199.3,0.440736479,0,0,0,0,1,3,0,1,0,0
03/03/2023,5214,1981,0,0,0,0,1,0,0,0,12.8,45.5,0,1020.3,157,0.379938627,0,0,0,0,1,3,0,1,0,0
03/04/2023,5214,922,0,0,0,0,0,1,0,0,14.3,53.8,0,1020.5,180.1,0.176831607,0,0,0,0,1,3,0,1,0,0
03/05/2023,5214,328,0,0,0,0,0,0,1,0,16.2,43.8,0,1017.2,98.9,0.062907557,0,0,0,0,1,3,0,1,0,0
03/06/2023,5214,2124,1,0,0,0,0,0,0,0,15.4,63.1,0,1018,151.8,0.407364787,0,0,0,0,1,3,0,1,0,0
03/07/2023,5214,2306,0,1,0,0,0,0,0,0,18,41.3,0,1014.5,203.5,0.442270809,0,0,0,0,1,3,0,1,0,0
03/08/2023,5214,350,0,0,1,0,0,0,0,1,13.7,56.1,0,1019.6,91.5,0.067126966,0,0,0,0,1,3,0,1,0,0
03/09/2023,5214,2269,0,0,0,1,0,0,0,0,12.7,67.6,0,1021.5,125.2,0.43517453,0,0,0,0,1,3,0,1,0,0
03/10/2023,5214,2143,0,0,0,0,1,0,0,0,18.7,44.1,0,1015.6,170.3,0.411008822,0,0,0,0,1,3,0,1,0,0
03/11/2023,5214,1257,0,0,0,0,0,1,0,0,19.3,47.8,0,1013.5,137.5,0.241081703,0,0,0,0,1,3,0,1,0,0
03/12/2023,5214,335,0,0,0,0,0,0,1,0,11.9,89.6,0,1020.9,41.8,0.064250096,0,0,0,0,1,3,0,1,0,0
3/13/2023,5214,2072,1,0,0,0,0,0,0,0,12.6,65.6,0,1021.4,221.9,0.397391638,1,0,0,0,0,3,0,1,0,0
3/14/2023,5214,2261,0,1,0,0,0,0,0,0,15.1,41,0,1017.9,205.7,0.433640199,1,0,0,0,0,3,0,1,0,0
3/15/2023,5214,2078,0,0,1,0,0,0,0,0,14.9,38.6,0,1019.7,199.8,0.398542386,1,0,0,0,0,3,0,1,0,0
3/16/2023,5214,2113,0,0,0,1,0,0,0,0,14.2,50.8,0,1018.4,229.2,0.405255082,1,0,0,0,0,3,0,1,0,0
3/17/2023,5214,1940,0,0,0,0,1,0,0,0,14,46.7,0,1013.8,231.3,0.372075182,1,0,0,0,0,3,0,1,0,0
3/18/2023,5214,533,0,0,0,0,0,1,0,0,13.5,51.1,0,1011.9,231.6,0.102224779,1,0,0,0,0,3,0,1,0,0
3/19/2023,5214,148,0,0,0,0,0,0,1,0,13.2,64.2,0,1013,198.1,0.028385117,1,0,0,0,0,3,0,1,0,0
3/20/2023,5214,125,1,0,0,0,0,0,0,0,14.1,69.5,0,1012.2,149.2,0.023973916,0,0,1,0,0,3,0,1,0,0
3/21/2023,5214,141,0,1,0,0,0,0,0,1,14.2,62.6,0,1012.3,222.4,0.027042578,0,0,1,0,0,3,0,1,0,0
3/22/2023,5214,239,0,0,1,0,0,0,0,0,15.4,49,0,1010.5,232.2,0.045838128,0,0,1,0,0,3,0,1,0,0
3/23/2023,5214,1998,0,0,0,1,0,0,0,0,15.8,37.7,0,1011.1,245.8,0.383199079,0,0,1,0,0,3,0,1,0,0
3/24/2023,5214,1798,0,0,0,0,1,0,0,0,15.7,44.1,0,1011.4,247.2,0.344840813,0,0,1,0,0,3,0,1,0,0
3/25/2023,5214,1295,0,0,0,0,0,1,0,0,15.1,53.1,0,1013.7,249.4,0.248369774,0,0,0,0,1,3,0,1,0,0
3/26/2023,5214,280,0,0,0,0,0,0,1,0,16.3,46.6,0,1015.9,250.7,0.053701573,0,0,0,0,1,3,0,1,0,0
3/27/2023,5214,2037,1,0,0,0,0,0,0,0,17.7,40.1,0,1012.9,252.3,0.390678941,0,0,0,0,1,3,0,1,0,0
3/28/2023,5214,2107,0,1,0,0,0,0,0,0,19,36,0,1008.4,232.5,0.404104334,0,0,0,0,1,3,0,1,0,0
3/29/2023,5214,1945,0,0,1,0,0,0,0,0,21.6,37.6,0,1007.7,197.1,0.373034139,0,0,0,0,1,3,0,1,0,0
3/30/2023,5214,2179,0,0,0,1,0,0,0,0,19.5,56.5,0,1010.9,200,0.41791331,0,0,0,0,1,3,0,1,0,0
3/31/2023,5214,1944,0,0,0,0,1,0,0,0,18.9,53.5,0,1010.5,235.9,0.372842348,0,0,0,0,1,3,0,1,0,0
04/01/2023,5214,932,0,0,0,0,0,1,0,0,18.6,58.6,0,1007.3,227.1,0.178749521,0,0,0,0,1,4,0,1,0,0
04/02/2023,5214,329,0,0,0,0,0,0,1,0,16.9,64.4,0,1007.7,171.8,0.063099348,0,0,0,0,1,4,0,1,0,0
04/03/2023,5214,1876,1,0,0,0,0,0,0,0,14.4,72.7,0,1009.4,168.6,0.359800537,0,0,0,0,1,4,0,1,0,0
04/04/2023,5214,2017,0,1,0,0,0,0,0,0,15.2,65,0,1015.3,225.7,0.386843115,0,0,0,0,1,4,0,1,0,0
04/05/2023,5214,1937,0,0,1,0,0,0,0,0,11.3,83.8,0,1017.7,94.1,0.371499808,0,0,0,0,1,4,0,1,0,0
04/06/2023,5214,2029,0,0,0,1,0,0,0,0,14.6,55.7,0,1014.2,262.4,0.389144611,0,0,0,0,1,4,0,1,0,0
04/07/2023,5214,1657,0,0,0,0,1,0,0,0,15.7,57.3,0,1014.1,184.3,0.317798236,0,0,0,0,1,4,0,1,0,0
04/08/2023,5214,850,0,0,0,0,0,1,0,0,19.2,48.1,0,1015.6,221.9,0.163022631,0,0,0,0,1,4,0,1,0,0
04/09/2023,5214,305,0,0,0,0,0,0,1,0,16.9,58.4,0,1017.5,218.3,0.058496356,0,0,0,0,1,4,0,1,0,0
04/10/2023,5214,1565,1,0,0,0,0,0,0,0,16.2,69.2,0,1016.8,176.1,0.300153433,1,0,0,0,0,4,0,1,0,0
04/11/2023,5214,1788,0,1,0,0,0,0,0,0,16,58.3,0,1021.3,192.3,0.3429229,1,0,0,0,0,4,0,1,0,0
04/12/2023,5214,1561,0,0,1,0,0,0,0,0,18,48.4,0,1019.4,277.4,0.299386268,1,0,0,0,0,4,0,1,0,0
4/13/2023,5214,1158,0,0,0,1,0,0,0,0,23,34.7,0,1013.4,278.6,0.222094361,1,0,0,0,0,4,0,1,0,0
4/14/2023,5214,1283,0,0,0,0,1,0,0,0,26.1,32.2,0,1006.4,261.2,0.246068278,1,0,0,0,0,4,0,1,0,0
4/15/2023,5214,583,0,0,0,0,0,1,0,0,17.2,66.4,0,1014.6,147.6,0.111814346,1,0,0,0,0,4,0,1,0,0
4/16/2023,5214,262,0,0,0,0,0,0,1,0,17.8,51.4,0,1014.1,265.4,0.050249329,1,0,0,0,0,4,0,1,0,0
4/17/2023,5214,1477,1,0,0,0,0,0,0,0,12.1,49.4,0,1020.7,238.2,0.283275796,1,0,0,0,0,4,0,1,0,0
4/18/2023,5214,1057,0,1,0,0,0,0,0,0,8.5,51.4,0,1027.7,292.1,0.202723437,1,0,0,0,0,4,0,1,0,0
4/19/2023,5214,1121,0,0,1,0,0,0,0,0,11.8,46.4,0,1023.5,301.6,0.214998082,1,0,0,0,0,4,0,1,0,0
4/20/2023,5214,839,0,0,0,1,0,0,0,0,14.1,44.1,0,1016.1,301.8,0.160912927,1,0,0,0,0,4,0,1,0,0
4/21/2023,5214,133,0,0,0,0,1,0,0,1,16.1,42.2,0,1013.8,304.1,0.025508247,1,0,0,0,0,4,0,1,0,0
4/22/2023,5214,122,0,0,0,0,0,1,0,0,18.3,35.4,0,1015.1,310,0.023398542,0,1,0,0,0,4,0,1,0,0
4/23/2023,5214,101,0,0,0,0,0,0,1,0,21.2,30.1,0,1014.2,302.4,0.019370924,0,1,0,0,0,4,0,1,0,0
4/24/2023,5214,142,1,0,0,0,0,0,0,0,22.6,32.6,0,1014.7,239.5,0.027234369,0,1,0,0,0,4,0,1,0,0
4/25/2023,5214,567,0,1,0,0,0,0,0,0,20.8,43.1,0,1014.1,305.3,0.108745685,0,1,0,0,0,4,0,1,0,0
4/26/2023,5214,455,0,0,1,0,0,0,0,0,21.3,41.1,0,1011.8,304.9,0.087265056,0,1,0,0,0,4,0,1,0,0
4/27/2023,5214,428,0,0,0,1,0,0,0,0,21.2,37.3,0,1009.9,285.4,0.08208669,0,1,0,0,0,4,0,1,0,0
4/28/2023,5214,424,0,0,0,0,1,0,0,0,22,37.2,0,1011,281.3,0.081319524,0,1,0,0,0,4,0,1,0,0
4/29/2023,5214,243,0,0,0,0,0,1,0,0,24,27.4,0,1010.1,290.6,0.046605293,0,1,0,0,0,4,0,1,0,0
4/30/2023,5214,140,0,0,0,0,0,0,1,0,24.7,27,0,1008,299.2,0.026850786,0,1,0,0,0,4,0,1,0,0
05/01/2023,5214,405,1,0,0,0,0,0,0,0,24.4,28.1,0,1005.9,298.1,0.077675489,0,1,0,0,0,5,0,1,0,0
05/02/2023,5214,414,0,1,0,0,0,0,0,0,21.4,38.2,0,1008.9,314.1,0.079401611,0,1,0,0,0,5,0,1,0,0
05/03/2023,5214,408,0,0,1,0,0,0,0,0,18.7,31.5,0,1013.4,320.6,0.078250863,0,1,0,0,0,5,0,1,0,0
05/04/2023,5214,267,0,0,0,1,0,0,0,0,15.2,31.6,0,1013.6,325.8,0.051208285,0,1,0,0,0,5,0,1,0,0
05/05/2023,5214,295,0,0,0,0,1,0,0,0,18.8,24.5,0,1013.6,327.1,0.056578443,0,1,0,0,0,5,0,1,0,0
05/06/2023,5214,248,0,0,0,0,0,1,0,0,16.1,44.1,0,1015.3,185.1,0.04756425,0,1,0,0,0,5,0,1,0,0
05/07/2023,5214,114,0,0,0,0,0,0,1,0,16.7,55.2,0,1017.7,265.2,0.021864212,0,1,0,0,0,5,0,1,0,0
05/08/2023,5214,461,1,0,0,0,0,0,0,0,18.5,47.6,0,1017.8,302.1,0.088415804,0,1,0,0,0,5,0,1,0,0
05/09/2023,5214,118,0,1,0,0,0,0,0,1,21.8,35.5,0,1017.5,316.9,0.022631377,0,1,0,0,0,5,0,1,0,0
05/10/2023,5214,482,0,0,1,0,0,0,0,0,24.6,28.8,0,1015.3,324.6,0.092443422,0,1,0,0,0,5,0,1,0,0
05/11/2023,5214,406,0,0,0,1,0,0,0,0,26.5,25.8,0,1011.5,297.2,0.07786728,0,1,0,0,0,5,0,1,0,0
05/12/2023,5214,378,0,0,0,0,1,0,0,0,25.6,34.9,0,1013.7,246.3,0.072497123,0,1,0,0,0,5,0,1,0,0
5/13/2023,5214,245,0,0,0,0,0,1,0,0,24.9,40.8,0,1014.6,277.3,0.046988876,0,1,0,0,0,5,0,1,0,0
5/14/2023,5214,114,0,0,0,0,0,0,1,0,25.7,36.4,0,1011.1,299.7,0.021864212,0,1,0,0,0,5,0,1,0,0
5/15/2023,5214,483,1,0,0,0,0,0,0,0,27.3,29.3,0,1005.2,316.9,0.092635213,0,1,0,0,0,5,0,1,0,0
5/16/2023,5214,369,0,1,0,0,0,0,0,0,26.8,35.5,0,1007.6,249.9,0.070771001,0,1,0,0,0,5,0,1,0,0
5/17/2023,5214,367,0,0,1,0,0,0,0,0,17.5,66.5,0,1015.1,134.8,0.070387418,0,1,0,0,0,5,0,1,0,0
5/18/2023,5214,360,0,0,0,1,0,0,0,0,20.2,61.9,0,1016,295.7,0.069044879,0,1,0,0,0,5,0,1,0,0
5/19/2023,5214,425,0,0,0,0,1,0,0,0,21.5,49.4,0,1014,211.1,0.081511316,0,1,0,0,0,5,0,1,0,0
5/20/2023,5214,268,0,0,0,0,0,1,0,0,22.9,43.4,0,1013.6,277.8,0.051400077,0,1,0,0,0,5,0,1,0,0
5/21/2023,5214,112,0,0,0,0,0,0,1,0,25.3,32.2,0,1013.3,324.7,0.021480629,0,1,0,0,0,5,0,1,0,0
5/22/2023,5214,549,1,0,0,0,0,0,0,0,26.2,29.8,0,1011.8,322.1,0.105293441,0,0,1,0,0,5,0,1,0,0
5/23/2023,5214,450,0,1,0,0,0,0,0,0,25.4,33.9,0,1012,278.2,0.086306099,0,0,1,0,0,5,0,1,0,0
5/24/2023,5214,510,0,0,1,0,0,0,0,0,24.3,30.3,0,1013.4,323.2,0.097813579,0,0,1,0,0,5,0,1,0,0
5/25/2023,5214,413,0,0,0,1,0,0,0,0,23,26.4,0,1012.8,327.6,0.07920982,0,0,1,0,0,5,0,1,0,0
5/26/2023,5214,410,0,0,0,0,1,0,0,0,23.7,27.8,0,1013.8,331.3,0.078634446,0,0,1,0,0,5,0,1,0,0
5/27/2023,5214,254,0,0,0,0,0,1,0,0,24.5,27.2,0,1012.2,324.5,0.048714998,0,0,1,0,0,5,0,1,0,0
5/28/2023,5214,111,0,0,0,0,0,0,1,0,25.6,23.2,0,1011.9,336.9,0.021288838,0,0,1,0,0,5,0,1,0,0
5/29/2023,5214,688,1,0,0,0,0,0,0,0,25.7,27,0,1012.6,339,0.131952436,0,0,1,0,0,5,0,1,0,0
5/30/2023,5214,485,0,1,0,0,0,0,0,0,26.9,26.5,0,1011.7,321.4,0.093018796,0,0,1,0,0,5,0,1,0,0
5/31/2023,5214,503,0,0,1,0,0,0,0,0,27.5,28.5,0,1008,331.7,0.09647104,0,0,1,0,0,5,0,1,0,0
06/01/2023,5214,524,0,0,0,1,0,0,0,0,26.9,31,0,1006.3,335.1,0.100498657,0,0,1,0,0,6,0,0,1,0
06/02/2023,5214,444,0,0,0,0,1,0,0,0,28.8,24.3,0,1008.1,333.1,0.085155351,0,0,1,0,0,6,0,0,1,0
06/03/2023,5214,253,0,0,0,0,0,1,0,0,28.3,25.1,0,1007.9,338.4,0.048523207,0,0,1,0,0,6,0,0,1,0
06/04/2023,5214,101,0,0,0,0,0,0,1,0,28.5,22.6,0,1008.3,339.8,0.019370924,0,0,1,0,0,6,0,0,1,0
06/05/2023,5214,564,1,0,0,0,0,0,0,0,29.4,18,0,1008.2,325.9,0.108170311,1,0,0,0,0,6,0,0,1,0
06/06/2023,5214,524,0,1,0,0,0,0,0,0,30.6,18.1,0,1008.9,311.2,0.100498657,1,0,0,0,0,6,0,0,1,0
06/07/2023,5214,613,0,0,1,0,0,0,0,0,32.1,16.7,0,1009.7,337.2,0.117568086,1,0,0,0,0,6,0,0,1,0
06/08/2023,5214,586,0,0,0,1,0,0,0,0,32.6,18.1,0,1009.4,334.5,0.11238972,1,0,0,0,0,6,0,0,1,0
06/09/2023,5214,502,0,0,0,0,1,0,0,0,31.5,23.6,0,1007.3,320.7,0.096279248,1,0,0,0,0,6,0,0,1,0
06/10/2023,5214,221,0,0,0,0,0,1,0,0,28,35.8,0,1007.4,322.9,0.042385884,1,0,0,0,0,6,0,0,1,0
06/11/2023,5214,94,0,0,0,0,0,0,1,0,29.3,39.5,0,1003.8,305.6,0.018028385,1,0,0,0,0,6,0,0,1,0
06/12/2023,5214,713,1,0,0,0,0,0,0,0,30.7,35.1,0,1002.3,281.8,0.136747219,1,0,0,0,0,6,0,0,1,0
6/13/2023,5214,576,0,1,0,0,0,0,0,0,32.6,25.9,0,1002.6,271.2,0.110471807,1,0,0,0,0,6,0,0,1,0
6/14/2023,5214,410,0,0,1,0,0,0,0,0,32.8,29.2,0,1001.8,285.9,0.078634446,1,0,0,0,0,6,0,0,1,0
6/15/2023,5214,317,0,0,0,1,0,0,0,0,32.2,25.5,0,1001.6,326.3,0.060797852,1,0,0,0,0,6,0,0,1,0
6/16/2023,5214,333,0,0,0,0,1,0,0,0,31.2,22.8,0,1001.2,335.9,0.063866513,1,0,0,0,0,6,0,0,1,0
6/17/2023,5214,159,0,0,0,0,0,1,0,0,31.1,21,0,1001.6,337.9,0.030494822,0,1,0,0,0,6,0,0,1,0
6/18/2023,5214,86,0,0,0,0,0,0,1,0,32.8,19.2,0,1001.1,277.3,0.016494054,0,1,0,0,0,6,0,0,1,0
6/19/2023,5214,266,1,0,0,0,0,0,0,0,32,26.6,0,1000.8,292.9,0.051016494,0,1,0,0,0,6,0,0,1,0
6/20/2023,5214,253,0,1,0,0,0,0,0,0,30.3,33.3,0,1005.5,277.3,0.048523207,0,1,0,0,0,6,0,0,1,0
6/21/2023,5214,247,0,0,1,0,0,0,0,0,29.8,30.1,0,1006.5,333.9,0.047372459,0,1,0,0,0,6,0,0,1,0
6/22/2023,5214,248,0,0,0,1,0,0,0,0,29.8,19.7,0,1008.1,326.5,0.04756425,0,1,0,0,0,6,0,0,1,0
6/23/2023,5214,265,0,0,0,0,1,0,0,0,29.7,15.8,0,1010.8,341.9,0.050824703,0,1,0,0,0,6,0,0,1,0
6/24/2023,5214,124,0,0,0,0,0,1,0,0,28.7,21.9,0,1011,339.2,0.023782125,0,1,0,0,0,6,0,0,1,0
6/25/2023,5214,73,0,0,0,0,0,0,1,0,25.3,26.5,0,1008.7,184.6,0.014000767,0,1,0,0,0,6,0,0,1,0
6/26/2023,5214,241,1,0,0,0,0,0,0,0,26.1,32.5,0,1007.5,339,0.046221711,0,1,0,0,0,6,0,0,1,0
6/27/2023,5214,134,0,1,0,0,0,0,0,0,28.9,26,0,1003.9,341.5,0.025700038,0,1,0,0,0,6,0,0,1,0
6/28/2023,5214,28,0,0,1,0,0,0,0,1,29.4,22.3,0,1006.3,326.3,0.005370157,0,1,0,0,0,6,0,0,1,0
6/29/2023,5214,27,0,0,0,1,0,0,0,0,27.1,23.1,0,1008.5,342.2,0.005178366,0,1,0,0,0,6,0,0,1,0
6/30/2023,5214,25,0,0,0,0,1,0,0,0,27.7,24.9,0,1005.2,340.2,0.004794783,0,1,0,0,0,6,0,0,1,0
07/01/2023,5214,5,0,0,0,0,0,1,0,0,29.5,24.4,0,1003.6,341.4,0.000958957,0,1,0,0,0,7,0,0,1,0
07/02/2023,5214,2,0,0,0,0,0,0,1,0,31.5,24.9,0,1004.4,321.5,0.000383583,0,1,0,0,0,7,0,0,1,0
07/03/2023,5214,156,1,0,0,0,0,0,0,0,31.5,24.7,0,1008.2,320.9,0.029919448,0,1,0,0,0,7,0,0,1,0
07/04/2023,5214,112,0,1,0,0,0,0,0,0,31.1,19.7,0,1007.8,334.7,0.021480629,0,1,0,0,0,7,0,0,1,0
07/05/2023,5214,146,0,0,1,0,0,0,0,0,28.9,26.7,0,1006.1,298,0.028001534,0,1,0,0,0,7,0,0,1,0
07/06/2023,5214,110,0,0,0,1,0,0,0,0,27.5,37.6,0,1006.1,272.5,0.021097046,0,1,0,0,0,7,0,0,1,0
07/07/2023,5214,121,0,0,0,0,1,0,0,0,26.9,36.9,0,1008.6,268,0.023206751,0,1,0,0,0,7,0,0,1,0
07/08/2023,5214,27,0,0,0,0,0,1,0,0,27.9,35,0,1009.2,319,0.005178366,0,1,0,0,0,7,0,0,1,0
07/09/2023,5214,8,0,0,0,0,0,0,1,0,29.7,29,0,1006.4,323.7,0.001534331,0,1,0,0,0,7,0,0,1,0
07/10/2023,5214,133,1,0,0,0,0,0,0,0,30.8,27,0,1005.5,336.1,0.025508247,0,1,0,0,0,7,0,0,1,0
07/11/2023,5214,114,0,1,0,0,0,0,0,0,32.5,24.4,0,1005.7,339.3,0.021864212,0,1,0,0,0,7,0,0,1,0
07/12/2023,5214,121,0,0,1,0,0,0,0,0,33.8,22.5,0,1006.8,338.8,0.023206751,0,1,0,0,0,7,0,0,1,0
7/13/2023,5214,118,0,0,0,1,0,0,0,0,33.6,22.2,0,1006.7,341.9,0.022631377,0,1,0,0,0,7,0,0,1,0
7/14/2023,5214,138,0,0,0,0,1,0,0,0,31.4,27.8,0,1008.9,330.9,0.026467204,0,1,0,0,0,7,0,0,1,0
7/15/2023,5214,11,0,0,0,0,0,1,0,0,31.8,18.2,0,1007.9,336.3,0.002109705,0,1,0,0,0,7,0,0,1,0
7/16/2023,5214,1,0,0,0,0,0,0,1,0,29,27.5,0,1005.9,332.9,0.000191791,0,1,0,0,0,7,0,0,1,0
7/17/2023,5214,130,1,0,0,0,0,0,0,0,31.3,26.5,0,1006,332.4,0.024932873,0,1,0,0,0,7,0,0,1,0
7/18/2023,5214,93,0,1,0,0,0,0,0,0,33.2,22.7,0,1005.7,328.3,0.017836594,0,1,0,0,0,7,0,0,1,0
7/19/2023,5214,163,0,0,1,0,0,0,0,0,32.1,27.1,0,1006.5,324.2,0.031261987,0,1,0,0,0,7,0,0,1,0
7/20/2023,5214,113,0,0,0,1,0,0,0,0,31.2,26.9,0,1007.8,317.9,0.02167242,0,1,0,0,0,7,0,0,1,0
7/21/2023,5214,118,0,0,0,0,1,0,0,0,30.7,30,0,1009.3,324.8,0.022631377,0,1,0,0,0,7,0,0,1,0
7/22/2023,5214,29,0,0,0,0,0,1,0,0,31.7,32,0,1008,323.2,0.005561949,0,1,0,0,0,7,0,0,1,0
7/23/2023,5214,1,0,0,0,0,0,0,1,0,31.3,35.9,0,1006.5,322.9,0.000191791,0,1,0,0,0,7,0,0,1,0
7/24/2023,5214,126,1,0,0,0,0,0,0,0,32.9,31.7,0,1003.3,311.7,0.024165708,0,1,0,0,0,7,0,0,1,0
7/25/2023,5214,106,0,1,0,0,0,0,0,0,34.7,23.9,0,1002,319.8,0.020329881,0,1,0,0,0,7,0,0,1,0
7/26/2023,5214,107,0,0,1,0,0,0,0,0,33.3,28.2,0,1002.5,320.1,0.020521672,0,1,0,0,0,7,0,0,1,0
7/27/2023,5214,81,0,0,0,1,0,0,0,0,33.5,25.4,0,1003.1,299,0.015535098,0,1,0,0,0,7,0,0,1,0
7/28/2023,5214,102,0,0,0,0,1,0,0,0,33.7,24.2,0,1002.6,275.8,0.019562716,0,1,0,0,0,7,0,0,1,0
7/29/2023,5214,34,0,0,0,0,0,1,0,0,31.6,31.4,0,1001.6,316.8,0.006520905,0,1,0,0,0,7,0,0,1,0
7/30/2023,5214,1,0,0,0,0,0,0,1,0,31.8,30.5,0,1003.5,320.8,0.000191791,0,1,0,0,0,7,0,0,1,0
7/31/2023,5214,135,1,0,0,0,0,0,0,0,33.2,23.3,0,1004.4,311.8,0.02589183,0,1,0,0,0,7,0,0,1,0
08/01/2023,5214,176,0,1,0,0,0,0,0,0,32.9,23,0,1004,312,0.033755274,0,1,0,0,0,8,0,0,1,0
08/02/2023,5214,176,0,0,1,0,0,0,0,0,33.4,22.3,0,1004.5,308.9,0.033755274,0,1,0,0,0,8,0,0,1,0
08/03/2023,5214,124,0,0,0,1,0,0,0,0,32.3,21.4,0,1004.6,319.1,0.023782125,0,1,0,0,0,8,0,0,1,0
08/04/2023,5214,108,0,0,0,0,1,0,0,0,30.8,24.3,0,1006,313.5,0.020713464,0,1,0,0,0,8,0,0,1,0
08/05/2023,5214,36,0,0,0,0,0,1,0,0,30.6,28.7,0,1007.8,311.7,0.006904488,0,1,0,0,0,8,0,0,1,0
08/06/2023,5214,1,0,0,0,0,0,0,1,0,26.9,40.4,0,1006.7,230.8,0.000191791,0,1,0,0,0,8,0,0,1,0
08/07/2023,5214,130,1,0,0,0,0,0,0,0,27.7,39.8,0,1003,248.2,0.024932873,0,1,0,0,0,8,0,0,1,0
08/08/2023,5214,106,0,1,0,0,0,0,0,0,29.2,35,0,1003,245,0.020329881,0,1,0,0,0,8,0,0,1,0
08/09/2023,5214,115,0,0,1,0,0,0,0,0,30.6,32.1,0,1007.3,291.9,0.022056003,0,1,0,0,0,8,0,0,1,0
08/10/2023,5214,109,0,0,0,1,0,0,0,0,31.1,31.5,0,1008.9,291.4,0.020905255,0,1,0,0,0,8,0,0,1,0
08/11/2023,5214,139,0,0,0,0,1,0,0,0,29.7,30.1,0,1010.5,299.6,0.026658995,0,1,0,0,0,8,0,0,1,0
08/12/2023,5214,31,0,0,0,0,0,1,0,0,27.3,27.2,0,1013,300.9,0.005945531,0,1,0,0,0,8,0,0,1,0
8/13/2023,5214,1,0,0,0,0,0,0,1,0,24.6,27.6,0,1012.9,308.5,0.000191791,0,1,0,0,0,8,0,0,1,0
8/14/2023,5214,118,1,0,0,0,0,0,0,0,23.5,27.3,0,1015.7,305.1,0.022631377,0,1,0,0,0,8,0,0,1,0
8/15/2023,5214,105,0,1,0,0,0,0,0,0,24,24.9,0,1017,304.9,0.02013809,0,1,0,0,0,8,0,0,1,0
8/16/2023,5214,114,0,0,1,0,0,0,0,0,25.2,25.8,0,1014.7,301.4,0.021864212,0,1,0,0,0,8,0,0,1,0
8/17/2023,5214,93,0,0,0,1,0,0,0,0,26.4,26.6,0,1011.9,297.9,0.017836594,0,1,0,0,0,8,0,0,1,0
8/18/2023,5214,113,0,0,0,0,1,0,0,0,28.2,25,0,1011.2,293.8,0.02167242,0,1,0,0,0,8,0,0,1,0
8/19/2023,5214,135,0,0,0,0,0,1,0,0,29.2,22.1,0,1009.7,294.8,0.02589183,0,1,0,0,0,8,0,0,1,0
8/20/2023,5214,1,0,0,0,0,0,0,1,0,30,19.8,0,1009.9,293.6,0.000191791,0,1,0,0,0,8,0,0,1,0
8/21/2023,5214,129,1,0,0,0,0,0,0,0,29.9,23.4,0,1008.5,289.9,0.024741082,0,1,0,0,0,8,0,0,1,0
8/22/2023,5214,97,0,1,0,0,0,0,0,0,29.3,30.5,0,1009,277.4,0.018603759,0,1,0,0,0,8,0,0,1,0
8/23/2023,5214,138,0,0,1,0,0,0,0,0,30,30.2,0,1007.5,277.6,0.026467204,0,1,0,0,0,8,0,0,1,0
8/24/2023,5214,171,0,0,0,1,0,0,0,0,29.8,29.2,0,1006.5,258.1,0.032796318,0,1,0,0,0,8,0,0,1,0
8/25/2023,5214,164,0,0,0,0,1,0,0,0,29.3,26.7,0,1005,268.6,0.031453778,0,1,0,0,0,8,0,0,1,0
8/26/2023,5214,53,0,0,0,0,0,1,0,0,28.4,28.4,0,1005.1,274.3,0.010164941,0,1,0,0,0,8,0,0,1,0
8/28/2023,5214,172,1,0,0,0,0,0,0,0,20.9,41.1,0,1013.6,242.5,0.032988109,0,1,0,0,0,8,0,0,1,0
8/29/2023,5214,105,0,1,0,0,0,0,0,0,23.9,31.4,0,1007.1,278.2,0.02013809,0,1,0,0,0,8,0,0,1,0
8/30/2023,5214,147,0,0,1,0,0,0,0,0,22.2,45.6,0,1008.1,132.9,0.028193326,0,1,0,0,0,8,0,0,1,0
8/31/2023,5214,105,0,0,0,1,0,0,0,0,21.6,56.8,0,1015.4,257.2,0.02013809,0,1,0,0,0,8,0,0,1,0
09/01/2023,5214,10,0,0,0,0,1,0,0,1,22.4,37.6,0,1015.7,271.6,0.001917913,0,1,0,0,0,9,1,0,0,0
09/02/2023,5214,14,0,0,0,0,0,1,0,0,23.6,34.2,0,1013.6,268.6,0.002685079,0,1,0,0,0,9,1,0,0,0
09/03/2023,5214,15,0,0,0,0,0,0,1,0,23.9,34.1,0,1011.3,258.2,0.00287687,0,1,0,0,0,9,1,0,0,0
09/04/2023,5214,1615,1,0,0,0,0,0,0,0,22.6,32.4,0,1013.3,242.1,0.309743,0,0,0,1,0,9,1,0,0,0
09/05/2023,5214,1563,0,1,0,0,0,0,0,0,21.5,32.8,0,1016.5,267.2,0.29976985,0,0,0,1,0,9,1,0,0,0
09/06/2023,5214,1565,0,0,1,0,0,0,0,0,22.2,34.4,0,1014.1,260.9,0.300153433,0,0,0,1,0,9,1,0,0,0
09/07/2023,5214,1551,0,0,0,1,0,0,0,0,24.3,33,0,1011.4,254.2,0.297468354,0,0,0,1,0,9,1,0,0,0
09/08/2023,5136,1933,0,0,0,0,1,0,0,0,25.6,33.7,0,1010.5,199.5,0.376362928,0,0,0,1,0,9,1,0,0,0
09/09/2023,5136,366,0,0,0,0,0,1,0,0,26.9,36.3,0,1011.4,230,0.071261682,0,0,0,1,0,9,1,0,0,0
09/10/2023,5136,283,0,0,0,0,0,0,1,0,25.7,43.6,0,1006.2,224.2,0.055101246,0,0,0,1,0,9,1,0,0,0
09/11/2023,5136,2412,1,0,0,0,0,0,0,0,24.4,41.2,0,1009.2,217.7,0.469626168,0,0,0,1,0,9,1,0,0,0
09/12/2023,5136,2845,0,1,0,0,0,0,0,0,20.8,34,0,1016.3,244.9,0.553933022,0,0,0,1,0,9,1,0,0,0
9/13/2023,5136,3065,0,0,1,0,0,0,0,0,21.4,31.1,0,1016,242.8,0.596767913,0,0,0,1,0,9,1,0,0,0
9/14/2023,5136,3053,0,0,0,1,0,0,0,0,21.4,31.5,0,1015.4,240,0.594431464,0,0,0,1,0,9,1,0,0,0
9/15/2023,5136,2606,0,0,0,0,1,0,0,0,21.1,36.3,0,1016.1,211.3,0.507398754,0,0,0,1,0,9,1,0,0,0
9/16/2023,5136,651,0,0,0,0,0,1,0,0,21.3,38.5,0,1015.5,227.3,0.126752336,0,0,0,1,0,9,1,0,0,0
9/17/2023,5136,328,0,0,0,0,0,0,1,0,21.8,39.1,0,1012.4,219.4,0.063862928,0,0,0,1,0,9,1,0,0,0
9/18/2023,5136,2599,1,0,0,0,0,0,0,0,22.8,34.6,0,1012.2,231.7,0.506035826,0,0,0,1,0,9,1,0,0,0
9/19/2023,5136,3072,0,1,0,0,0,0,0,0,23,33.1,0,1013.5,227,0.598130841,0,0,0,1,0,9,1,0,0,0
9/20/2023,5136,3328,0,0,1,0,0,0,0,0,21.1,45.9,0,1020.5,204.2,0.647975078,0,0,0,1,0,9,1,0,0,0
9/21/2023,5136,3335,0,0,0,1,0,0,0,0,20.4,44.9,0,1020.1,197.2,0.649338006,0,0,0,1,0,9,1,0,0,0
9/22/2023,5136,2935,0,0,0,0,1,0,0,0,19.3,37,0,1022.7,221.5,0.571456386,0,0,0,1,0,9,1,0,0,0
9/23/2023,5136,701,0,0,0,0,0,1,0,0,19.1,37.4,0,1022.5,226.3,0.136487539,0,0,0,1,0,9,1,0,0,0
9/24/2023,5136,342,0,0,0,0,0,0,1,0,19.6,35.8,0,1019.6,221.8,0.066588785,0,0,0,1,0,9,1,0,0,0
9/25/2023,5136,2622,1,0,0,0,0,0,0,0,19.8,36.3,0,1016.9,217.9,0.510514019,0,0,0,1,0,9,1,0,0,0
9/26/2023,5136,3175,0,1,0,0,0,0,0,0,21.4,33.4,0,1015.8,214.8,0.618185358,0,0,0,1,0,9,1,0,0,0
9/27/2023,5136,3363,0,0,1,0,0,0,0,0,21.9,32.5,0,1016.5,205.5,0.65478972,0,0,0,1,0,9,1,0,0,0
9/28/2023,5136,3314,0,0,0,1,0,0,0,0,22.1,32,0,1016.7,185.1,0.645249221,0,0,0,1,0,9,1,0,0,0
9/29/2023,5136,2962,0,0,0,0,1,0,0,0,20.7,34.6,0,1016.6,192.8,0.576713396,0,0,0,1,0,9,1,0,0,0
9/30/2023,5136,873,0,0,0,0,0,1,0,0,19.9,36.9,0,1017.8,189.1,0.169976636,0,0,0,1,0,9,1,0,0,0
10/01/2023,5136,241,0,0,0,0,0,0,1,1,20.2,34.9,0,1015,198.3,0.046923676,0,0,0,1,0,10,1,0,0,0
10/02/2023,5136,304,1,0,0,0,0,0,0,0,19,36.2,0,1014.6,201,0.059190031,0,0,0,1,0,10,1,0,0,0
10/03/2023,5136,3122,0,1,0,0,0,0,0,0,19.4,30.1,0,1016,202.5,0.607866044,0,0,0,1,0,10,1,0,0,0
10/04/2023,5136,3309,0,0,1,0,0,0,0,0,21.1,27.4,0,1016.9,190.8,0.644275701,0,0,0,1,0,10,1,0,0,0
10/05/2023,5136,3272,0,0,0,1,0,0,0,0,22.1,29,0,1015.6,184.1,0.637071651,0,0,0,1,0,10,1,0,0,0
10/06/2023,5136,3001,0,0,0,0,1,0,0,0,20.6,46.4,0,1015.8,118.4,0.584306854,0,0,0,1,0,10,1,0,0,0
10/07/2023,5136,934,0,0,0,0,0,1,0,0,16.9,70.1,0,1020.6,163.1,0.181853583,0,0,0,1,0,10,1,0,0,0
10/08/2023,5136,696,0,0,0,0,0,0,1,0,18.1,57.4,0,1021.3,171.5,0.135514019,0,0,0,1,0,10,1,0,0,0
10/09/2023,5136,2623,1,0,0,0,0,0,0,0,19.8,40.8,0,1018.6,187.7,0.510708723,0,0,0,1,0,10,1,0,0,0
10/10/2023,5136,3170,0,1,0,0,0,0,0,0,20.6,36.8,0,1016.4,178.1,0.617211838,0,0,0,1,0,10,1,0,0,0
10/11/2023,5136,3254,0,0,1,0,0,0,0,0,21.2,35.4,0,1017.7,178.8,0.633566978,0,0,0,1,0,10,1,0,0,0
10/12/2023,5136,2999,0,0,0,1,0,0,0,0,18.7,46,0,1016.6,142.4,0.583917445,0,0,0,1,0,10,1,0,0,0
10/13/2023,5136,2732,0,0,0,0,1,0,0,0,9.7,75.7,0,1029.7,107.6,0.531931464,0,0,0,1,0,10,1,0,0,0
10/14/2023,5136,1783,0,0,0,0,0,1,0,0,11.1,57,0,1026.7,176.3,0.347157321,0,0,0,1,0,10,1,0,0,0
10/15/2023,5136,336,0,0,0,0,0,0,1,0,12.4,55.2,0,1022,174.1,0.065420561,0,0,0,1,0,10,1,0,0,0
10/16/2023,5136,2658,1,0,0,0,0,0,0,0,13,54.4,0,1019.1,171.9,0.517523364,0,0,0,1,0,10,1,0,0,0
10/17/2023,5136,3188,0,1,0,0,0,0,0,0,14,54.2,0,1015.3,165.4,0.620716511,0,0,0,1,0,10,1,0,0,0
10/18/2023,5136,3253,0,0,1,0,0,0,0,0,16.1,51.8,0,1019.3,135.7,0.633372274,0,0,0,1,0,10,1,0,0,0
10/19/2023,5136,3242,0,0,0,1,0,0,0,0,17.7,53.1,0,1020.4,155.9,0.63123053,0,0,0,1,0,10,1,0,0,0
10/20/2023,5136,2876,0,0,0,0,1,0,0,0,18.4,49.7,0,1017,157.6,0.559968847,0,0,0,1,0,10,1,0,0,0
10/21/2023,5136,1350,0,0,0,0,0,1,0,0,16.4,60,0,1019.9,77.6,0.262850467,0,0,0,1,0,10,1,0,0,0
10/22/2023,5136,336,0,0,0,0,0,0,1,0,16.2,68.4,0,1018.1,152.8,0.065420561,0,0,0,1,0,10,1,0,0,0
10/23/2023,5136,3055,1,0,0,0,0,0,0,0,14.5,80.6,0,1023.2,32.1,0.594820872,0,0,0,1,0,10,1,0,0,0
10/24/2023,5136,3314,0,1,0,0,0,0,0,0,15.2,60.8,0,1021.7,153,0.645249221,0,0,0,1,0,10,1,0,0,0
10/25/2023,5136,3215,0,0,1,0,0,0,0,0,17.8,40.9,0,1015.9,149.3,0.62597352,0,0,0,1,0,10,1,0,0,0
10/26/2023,5136,2918,0,0,0,1,0,0,0,0,18.8,52.1,0,1018.3,142.3,0.568146417,0,0,0,1,0,10,1,0,0,0
10/27/2023,5136,2579,0,0,0,0,1,0,0,0,17.8,64.1,0,1020.2,112.1,0.502141745,0,0,0,1,0,10,1,0,0,0
10/28/2023,5136,826,0,0,0,0,0,1,0,0,20.3,48.7,0,1016.2,131.3,0.160825545,0,0,0,1,0,10,1,0,0,0
10/29/2023,5136,309,0,0,0,0,0,0,1,0,21.3,43.3,0,1015.8,129.9,0.060163551,0,0,0,1,0,10,1,0,0,0
10/30/2023,5136,2650,1,0,0,0,0,0,0,0,20.2,44.6,0,1017.9,134.1,0.515965732,0,0,0,1,0,10,1,0,0,0
10/31/2023,5136,2840,0,1,0,0,0,0,0,0,14.1,66.6,0,1026.6,59.3,0.552959502,0,0,0,1,0,10,1,0,0,0
11/01/2023,5136,3017,0,0,1,0,0,0,0,0,11.7,67,0,1029.5,138.2,0.587422118,0,0,0,1,0,11,1,0,0,0
11/02/2023,5136,3073,0,0,0,1,0,0,0,0,12.9,55.8,0,1027.2,139.4,0.598325545,0,0,0,1,0,11,1,0,0,0
11/03/2023,5136,2782,0,0,0,0,1,0,0,0,13.1,52.6,0,1019.1,139.1,0.541666667,0,0,0,1,0,11,1,0,0,0
11/04/2023,5136,906,0,0,0,0,0,1,0,0,14.1,49.5,0,1016,138.4,0.176401869,0,0,0,1,0,11,1,0,0,0
11/05/2023,5136,316,0,0,0,0,0,0,1,0,14.9,43,0,1017.8,132.3,0.06152648,0,0,0,1,0,11,1,0,0,0
11/06/2023,5136,2448,1,0,0,0,0,0,0,0,15.7,41.7,0,1017.2,117.8,0.476635514,0,0,0,1,0,11,1,0,0,0
11/07/2023,5136,2856,0,1,0,0,0,0,0,0,16.4,42.4,0,1016,79.2,0.556074766,0,0,0,1,0,11,1,0,0,0
11/08/2023,5136,2797,0,0,1,0,0,0,0,0,14.2,64.9,0,1016.2,75.5,0.544587227,0,0,0,1,0,11,1,0,0,0
11/09/2023,5136,2865,0,0,0,1,0,0,0,0,10.3,75.4,0,1026.2,99,0.557827103,0,0,0,1,0,11,1,0,0,0
11/10/2023,5136,2489,0,0,0,0,1,0,0,0,9.8,59.8,0,1026.3,128.3,0.48461838,0,0,0,1,0,11,1,0,0,0
11/11/2023,5136,796,0,0,0,0,0,1,0,0,10.6,55.7,0,1024,61.9,0.154984424,0,0,0,1,0,11,1,0,0,0
11/12/2023,5136,318,0,0,0,0,0,0,1,0,9.8,74.8,0,1030.1,105.1,0.061915888,0,0,0,1,0,11,1,0,0,0
11/13/2023,5136,2388,1,0,0,0,0,0,0,0,9,56.4,0,1029.2,125.2,0.464953271,0,0,0,1,0,11,1,0,0,0
11/14/2023,5136,2930,0,1,0,0,0,0,0,0,10.1,51.2,0,1024.5,125.2,0.570482866,0,0,0,1,0,11,1,0,0,0
11/15/2023,5136,3008,0,0,1,0,0,0,0,0,11.9,43.9,0,1018.2,125.2,0.585669782,0,0,0,1,0,11,1,0,0,0
11/16/2023,5136,3051,0,0,0,1,0,0,0,0,15.9,32.7,0,1017,118,0.594042056,0,0,0,1,0,11,1,0,0,0
11/17/2023,5136,2659,0,0,0,0,1,0,0,0,18.1,31.6,0,1013.3,103.6,0.517718069,0,0,0,1,0,11,1,0,0,0
11/18/2023,5136,546,0,0,0,0,0,1,0,0,17,50.1,0,1016.7,29.6,0.106308411,0,0,0,1,0,11,1,0,0,0
11/19/2023,5136,326,0,0,0,0,0,0,1,0,13.4,75.2,0,1022,78,0.06347352,0,0,0,1,0,11,1,0,0,0
11/20/2023,5136,2387,1,0,0,0,0,0,0,0,15.4,63.3,0,1018.3,109.8,0.464758567,0,0,0,1,0,11,1,0,0,0
11/21/2023,5136,2801,0,1,0,0,0,0,0,0,17,39.5,0,1010.7,108.4,0.545366044,0,0,0,1,0,11,1,0,0,0
11/22/2023,5136,2953,0,0,1,0,0,0,0,0,14.4,64.8,0,1016.3,40.6,0.574961059,0,0,0,1,0,11,1,0,0,0
11/23/2023,5136,2965,0,0,0,1,0,0,0,0,9.1,65.9,0,1024.6,102.1,0.577297508,0,0,0,1,0,11,1,0,0,0
11/24/2023,5136,2667,0,0,0,0,1,0,0,0,10.6,49,0,1013.5,92.3,0.519275701,0,0,0,1,0,11,1,0,0,0
11/25/2023,5136,920,0,0,0,0,0,1,0,0,10.9,58.6,0,1020,102.1,0.179127726,0,0,0,1,0,11,1,0,0,0
11/26/2023,5136,354,0,0,0,0,0,0,1,0,12,56.6,0,1016.4,102.7,0.068925234,0,0,0,1,0,11,1,0,0,0
11/27/2023,5136,2397,1,0,0,0,0,0,0,0,12.8,52.6,0,1012.7,70,0.466705607,0,0,0,1,0,11,1,0,0,0
11/28/2023,5136,2782,0,1,0,0,0,0,0,0,15.5,44.3,0,1012.9,103,0.541666667,0,0,0,1,0,11,1,0,0,0
11/29/2023,5136,2741,0,0,1,0,0,0,0,0,12,64.3,0,1019.9,64.5,0.533683801,0,0,0,1,0,11,1,0,0,0
11/30/2023,5136,2757,0,0,0,1,0,0,0,0,8.2,85.6,0,1026.6,36.9,0.536799065,0,0,0,1,0,11,1,0,0,0
12/01/2023,5136,2375,0,0,0,0,1,0,0,0,8.1,87.1,0,1023.2,97.2,0.462422118,0,0,0,1,0,12,0,0,0,1
12/02/2023,5136,1013,0,0,0,0,0,1,0,0,9.5,76,0,1022.5,77.7,0.197235202,0,0,0,1,0,12,0,0,0,1
12/03/2023,5136,416,0,0,0,0,0,0,1,0,9.7,67.2,0,1023.8,100.1,0.080996885,0,0,0,1,0,12,0,0,0,1
12/04/2023,5136,1983,1,0,0,0,0,0,0,0,11.5,59.6,0,1025.3,97.5,0.386098131,0,0,1,0,0,12,0,0,0,1
12/05/2023,5136,1982,0,1,0,0,0,0,0,0,11.9,55.2,0,1019.9,100.3,0.385903427,0,0,1,0,0,12,0,0,0,1
12/06/2023,5136,1929,0,0,1,0,0,0,0,0,9.5,62.1,0,1021,93.9,0.375584112,0,0,1,0,0,12,0,0,0,1
12/07/2023,5136,1926,0,0,0,1,0,0,0,0,4.7,89.2,0,1020.7,55.7,0.375,0,0,1,0,0,12,0,0,0,1
12/08/2023,5136,347,0,0,0,0,1,0,0,1,3.9,83.9,0,1020.3,33.3,0.067562305,0,0,1,0,0,12,0,0,0,1
12/09/2023,5136,927,0,0,0,0,0,1,0,0,-0.5,85.3,0.6,1031.7,44.1,0.180490654,0,0,1,0,0,12,0,0,0,1
12/10/2023,5136,319,0,0,0,0,0,0,1,0,2.2,68.2,0,1024.7,92.9,0.062110592,0,0,1,0,0,12,0,0,0,1
12/11/2023,5136,2321,1,0,0,0,0,0,0,0,3.5,78.9,1.4,1017.9,27.3,0.4519081,1,0,0,0,0,12,0,0,0,1
12/12/2023,5136,2163,0,1,0,0,0,0,0,0,-11.6,77,5.1,1031.8,66.6,0.42114486,1,0,0,0,0,12,0,0,0,1
12/13/2023,5136,1761,0,0,1,0,0,0,0,0,-11.9,77.2,0,1032.6,103.6,0.342873832,1,0,0,0,0,12,0,0,0,1
12/14/2023,5136,1903,0,0,0,1,0,0,0,0,-4.9,68.2,0,1019.4,71.6,0.370521807,1,0,0,0,0,12,0,0,0,1
12/15/2023,5136,1709,0,0,0,0,1,0,0,0,1.7,61.7,0,1018,56.7,0.332749221,1,0,0,0,0,12,0,0,0,1
12/16/2023,5136,678,0,0,0,0,0,1,0,0,0.5,74.8,0,1028.1,44.4,0.132009346,1,0,0,0,0,12,0,0,0,1
12/17/2023,5136,206,0,0,0,0,0,0,1,0,4.3,81.3,0,1029.3,86.2,0.040109034,1,0,0,0,0,12,0,0,0,1
12/18/2023,5136,1493,1,0,0,0,0,0,0,0,7.2,63.8,0,1021.4,84.8,0.290693146,1,0,0,0,0,12,0,0,0,1
12/19/2023,5136,1273,0,1,0,0,0,0,0,0,4.6,80.8,0,1028.8,26.5,0.247858255,1,0,0,0,0,12,0,0,0,1
12/20/2023,5136,1199,0,0,1,0,0,0,0,0,3.8,76.5,0,1034.1,56.5,0.233450156,1,0,0,0,0,12,0,0,0,1
12/21/2023,5136,1231,0,0,0,1,0,0,0,0,3.2,81.9,0,1029.9,99.4,0.239680685,1,0,0,0,0,12,0,0,0,1
12/22/2023,5136,791,0,0,0,0,1,0,0,0,4.9,73.4,0,1017.9,100.4,0.154010903,1,0,0,0,0,12,0,0,0,1
12/23/2023,5136,255,0,0,0,0,0,1,0,0,7.6,58.8,0,1014.4,91.2,0.049649533,0,1,0,0,0,12,0,0,0,1
12/24/2023,5136,85,0,0,0,0,0,0,1,0,12.2,49.5,0,1014.6,44.2,0.016549844,0,1,0,0,0,12,0,0,0,1
12/25/2023,5136,291,1,0,0,0,0,0,0,0,15.7,47.4,0,1013.4,89.3,0.056658879,0,1,0,0,0,12,0,0,0,1
12/26/2023,5136,181,0,1,0,0,0,0,0,0,9.1,79.5,0,1021.3,46.1,0.035241433,0,1,0,0,0,12,0,0,0,1
12/27/2023,5136,154,0,0,1,0,0,0,0,0,9.1,70.2,0,1023.7,53.4,0.029984424,0,1,0,0,0,12,0,0,0,1
12/28/2023,5136,145,0,0,0,1,0,0,0,0,10,54.1,0,1018.5,96.2,0.028232087,0,1,0,0,0,12,0,0,0,1
12/29/2023,5136,92,0,0,0,0,1,0,0,0,5.1,76.9,0.6,1024.8,12.6,0.017912773,0,1,0,0,0,12,0,0,0,1
01/02/2024,5136,1,0,1,0,0,0,0,0,0,5.5,66.4,0,1024.5,78.5,0.000194704,0,1,0,0,0,1,0,0,0,1
01/03/2024,5136,82,0,0,1,0,0,0,0,0,5.1,78.4,0,1019.5,87.7,0.015965732,0,1,0,0,0,1,0,0,0,1
01/04/2024,5136,140,0,0,0,1,0,0,0,0,8.6,48.7,0,1014,69.6,0.027258567,0,1,0,0,0,1,0,0,0,1
01/05/2024,5136,157,0,0,0,0,1,0,0,0,9.8,66.6,0,1017,55.5,0.030568536,0,1,0,0,0,1,0,0,0,1
01/06/2024,5136,206,0,0,0,0,0,1,0,0,11,61,0,1016.2,81.5,0.040109034,0,1,0,0,0,1,0,0,0,1
01/07/2024,5136,258,0,0,0,0,0,0,1,0,10.8,64.7,0,1018.1,36.4,0.050233645,0,1,0,0,0,1,0,0,0,1
01/08/2024,5136,2008,1,0,0,0,0,0,0,0,7.5,84.4,0,1023.2,26,0.390965732,0,0,0,0,1,1,0,0,0,1
01/09/2024,5136,2477,0,1,0,0,0,0,0,0,8.6,69.3,0,1015.8,62,0.482281931,0,0,0,0,1,1,0,0,0,1
01/10/2024,5136,2759,0,0,1,0,0,0,0,0,10,61.8,0,1013.7,79.6,0.537188474,0,0,0,0,1,1,0,0,0,1
01/11/2024,5136,2712,0,0,0,1,0,0,0,0,5.9,80.4,0,1017,22.6,0.528037383,0,0,0,0,1,1,0,0,0,1
01/12/2024,5136,2457,0,0,0,0,1,0,0,0,3.6,81.9,0,1016.2,77.3,0.47838785,0,0,0,0,1,1,0,0,0,1
1/13/2024,5136,702,0,0,0,0,0,1,0,0,10.2,63.6,0,1009.3,37.8,0.136682243,0,0,0,0,1,1,0,0,0,1
1/14/2024,5136,324,0,0,0,0,0,0,1,1,8.7,68.5,0,1015.2,65.7,0.063084112,0,0,0,0,1,1,0,0,0,1
1/15/2024,5136,2372,1,0,0,0,0,0,0,0,-0.7,92.1,1.9,1023.7,21.7,0.461838006,0,0,0,0,1,1,0,0,0,1
1/16/2024,5136,2953,0,1,0,0,0,0,0,0,-0.7,87.8,0,1024.3,66.9,0.574961059,0,0,0,0,1,1,0,0,0,1
1/17/2024,5136,3051,0,0,1,0,0,0,0,0,1.3,91,0,1023.2,105.7,0.594042056,0,0,0,0,1,1,0,0,0,1
1/18/2024,5136,3049,0,0,0,1,0,0,0,0,3.7,81.3,0,1022.6,113.2,0.593652648,0,0,0,0,1,1,0,0,0,1
1/19/2024,5136,2678,0,0,0,0,1,0,0,0,5.5,73.2,0,1026.9,70.6,0.521417445,0,0,0,0,1,1,0,0,0,1
1/20/2024,5136,768,0,0,0,0,0,1,0,0,3.4,83.5,0,1028.6,69.4,0.14953271,0,0,0,0,1,1,0,0,0,1
1/21/2024,5136,337,0,0,0,0,0,0,1,0,4.1,78.1,0,1025.1,120.6,0.065615265,0,0,0,0,1,1,0,0,0,1
1/22/2024,5136,2417,1,0,0,0,0,0,0,0,5.9,66.3,0,1020.1,105.6,0.470599688,0,0,0,0,1,1,0,0,0,1
1/23/2024,5136,2929,0,1,0,0,0,0,0,0,6.6,62,0,1025.3,113.7,0.570288162,0,0,0,0,1,1,0,0,0,1
1/24/2024,5136,3021,0,0,1,0,0,0,0,0,8.4,63.8,0,1021.4,80.4,0.588200935,0,0,0,0,1,1,0,0,0,1
1/25/2024,5136,3015,0,0,0,1,0,0,0,0,3.9,88.2,2,1018.6,36.1,0.58703271,0,0,0,0,1,1,0,0,0,1
1/26/2024,5136,2746,0,0,0,0,1,0,0,0,-0.6,90.4,2.8,1025.8,97.6,0.534657321,0,0,0,0,1,1,0,0,0,1
1/27/2024,5136,765,0,0,0,0,0,1,0,0,2.1,85.9,0,1020.4,105.4,0.148948598,0,0,0,0,1,1,0,0,0,1
1/28/2024,5136,341,0,0,0,0,0,0,1,0,8.9,64.6,0,1010.9,88.4,0.066394081,0,0,0,0,1,1,0,0,0,1
1/29/2024,5136,2241,1,0,0,0,0,0,0,0,5.5,89.9,0,1018.2,16.1,0.436331776,0,0,0,0,1,1,0,0,0,1
1/30/2024,5136,2916,0,1,0,0,0,0,0,0,3.3,76,0.2,1025.3,64.9,0.567757009,0,0,0,0,1,1,0,0,0,1
1/31/2024,5136,2944,0,0,1,0,0,0,0,0,1.7,76.9,2.5,1028,61.3,0.573208723,0,0,0,0,1,1,0,0,0,1
02/01/2024,5136,2938,0,0,0,1,0,0,0,0,0.4,83.1,1.9,1027.1,48.6,0.572040498,0,0,0,0,1,2,0,0,0,1
02/02/2024,5136,2664,0,0,0,0,1,0,0,0,1.6,67.1,0,1024.9,142,0.518691589,0,0,0,0,1,2,0,0,0,1
02/03/2024,5136,744,0,0,0,0,0,1,0,0,1.2,55.5,0.1,1012.7,90.7,0.144859813,0,0,0,0,1,2,0,0,0,1
02/04/2024,5136,329,0,0,0,0,0,0,1,0,2.9,76.9,0.7,1022.6,96.7,0.064057632,0,0,0,0,1,2,0,0,0,1
02/05/2024,5136,2379,1,0,0,0,0,0,0,0,4.2,61.7,0,1019.6,119.5,0.463200935,0,0,0,0,1,2,0,0,0,1
02/06/2024,5136,2901,0,1,0,0,0,0,0,0,8.4,43.8,0,1013.5,126.1,0.564836449,0,0,0,0,1,2,0,0,0,1
02/07/2024,5136,2991,0,0,1,0,0,0,0,0,7.4,66.4,0,1016.6,36.4,0.582359813,0,0,0,0,1,2,0,0,0,1
02/08/2024,5136,3072,0,0,0,1,0,0,0,0,9.6,65.2,0,1022.4,87.7,0.598130841,0,0,0,0,1,2,0,0,0,1
02/09/2024,5136,2770,0,0,0,0,1,0,0,0,12.8,44.6,0,1018.5,147.7,0.539330218,0,0,0,0,1,2,0,0,0,1
02/10/2024,5136,934,0,0,0,0,0,1,0,0,12.4,42.8,0,1019.2,132.9,0.181853583,0,0,0,0,1,2,0,0,0,1
02/11/2024,5136,351,0,0,0,0,0,0,1,0,11.3,49.9,0,1021.5,151.4,0.068341121,0,0,0,0,1,2,0,0,0,1
02/12/2024,5136,2535,1,0,0,0,0,0,0,0,5.1,80.5,0,1026.5,85.1,0.493574766,0,0,0,0,1,2,0,0,0,1
2/13/2024,5136,3005,0,1,0,0,0,0,0,0,8.3,73.9,0,1025.8,152.9,0.58508567,0,0,0,0,1,2,0,0,0,1
2/14/2024,5136,2898,0,0,1,0,0,0,0,0,12.3,43.1,0,1020.4,159.8,0.564252336,0,0,0,0,1,2,0,0,0,1
2/15/2024,5136,2872,0,0,0,1,0,0,0,0,14.6,36.8,0,1014.6,99.6,0.559190031,0,0,0,0,1,2,0,0,0,1
2/16/2024,5136,2400,0,0,0,0,1,0,0,0,3.3,72.9,4.2,1022.2,19.7,0.46728972,0,0,0,0,1,2,0,0,0,1
2/17/2024,5136,799,0,0,0,0,0,1,0,0,-4.3,82.7,0.1,1022.7,85.8,0.155568536,0,0,0,0,1,2,0,0,0,1
2/18/2024,5136,327,0,0,0,0,0,0,1,0,-2.3,86.9,3.1,1015,67.9,0.063668224,0,0,0,0,1,2,0,0,0,1
2/19/2024,5136,2433,1,0,0,0,0,0,0,0,-2.3,84.4,2.3,1020.6,113.9,0.473714953,0,0,0,0,1,2,0,0,0,1
2/20/2024,5136,2580,0,1,0,0,0,0,0,0,-3,82,1,1026.7,146.3,0.502336449,0,0,0,0,1,2,0,0,0,1
2/21/2024,5136,3018,0,0,1,0,0,0,0,0,-2,68.4,0,1027.2,176.6,0.587616822,0,0,0,0,1,2,0,0,0,1
2/22/2024,5136,2730,0,0,0,1,0,0,0,0,1.2,64,0,1027.1,168.8,0.531542056,0,0,0,0,1,2,0,0,0,1
2/23/2024,5136,2424,0,0,0,0,1,0,0,0,4.5,70.6,0,1026.5,97.8,0.471962617,0,0,0,0,1,2,0,0,0,1
2/24/2024,5136,892,0,0,0,0,0,1,0,0,0.9,89.6,2.2,1027.9,86.1,0.173676012,0,0,0,0,1,2,0,0,0,1
2/25/2024,5136,306,0,0,0,0,0,0,1,0,1.3,92.4,1,1026.4,70.9,0.059579439,0,0,0,0,1,2,0,0,0,1
2/26/2024,5136,2251,1,0,0,0,0,0,0,0,1.3,92.2,0.4,1025.2,114.9,0.438278816,0,0,0,0,1,2,0,0,0,1
2/27/2024,5136,2824,0,1,0,0,0,0,0,0,2.4,77.2,0,1027.2,116.5,0.549844237,0,0,0,0,1,2,0,0,0,1
2/28/2024,5136,2882,0,0,1,0,0,0,0,0,2.8,77.8,0,1027.9,110.3,0.561137072,0,0,0,0,1,2,0,0,0,1
2/29/2024,5136,2831,0,0,0,1,0,0,0,0,4.1,71.4,0,1022.6,152.2,0.551207165,0,0,0,0,1,2,0,0,0,1
03/01/2024,5136,2401,0,0,0,0,1,0,0,0,3.2,77.6,0.2,1020.7,89.9,0.467484424,0,0,0,0,1,3,0,1,0,0
03/02/2024,5136,879,0,0,0,0,0,1,0,0,0.6,90.6,3.1,1022.3,70.5,0.17114486,0,0,0,0,1,3,0,1,0,0
03/03/2024,5136,299,0,0,0,0,0,0,1,0,0.7,93.6,3.2,1024,77,0.058216511,0,0,0,0,1,3,0,1,0,0
03/04/2024,5136,2254,1,0,0,0,0,0,0,0,2.4,69,0,1025.2,187.2,0.438862928,0,0,0,0,1,3,0,1,0,0
03/05/2024,5136,2693,0,1,0,0,0,0,0,0,4,60.1,0,1021.9,198.5,0.524338006,0,0,0,0,1,3,0,1,0,0
03/06/2024,5136,2724,0,0,1,0,0,0,0,0,6.5,53.6,0,1018.6,151.3,0.530373832,0,0,0,0,1,3,0,1,0,0
03/07/2024,5136,2788,0,0,0,1,0,0,0,0,8.8,58,0,1018.2,177.5,0.542834891,0,0,0,0,1,3,0,1,0,0
03/08/2024,5136,312,0,0,0,0,1,0,0,1,11.9,51.6,0,1017.5,190.1,0.060747664,0,0,0,0,1,3,0,1,0,0
03/09/2024,5136,881,0,0,0,0,0,1,0,0,10,69.3,0,1016.4,104.7,0.171534268,0,0,0,0,1,3,0,1,0,0
03/10/2024,5136,325,0,0,0,0,0,0,1,0,9.6,84,0,1019.7,137,0.063278816,0,0,0,0,1,3,0,1,0,0
03/11/2024,5136,2096,1,0,0,0,0,0,0,0,13.3,55.7,0,1017.6,196.3,0.408099688,0,0,0,0,1,3,0,1,0,0
03/12/2024,5136,2402,0,1,0,0,0,0,0,0,8.9,84.8,0,1018.2,28,0.467679128,0,0,0,0,1,3,0,1,0,0
3/13/2024,5136,2668,0,0,1,0,0,0,0,0,5.1,72.1,0.1,1026.8,167.4,0.519470405,0,0,0,0,1,3,0,1,0,0
3/14/2024,5136,2405,0,0,0,1,0,0,0,0,0.5,81.4,1.4,1030.7,79.9,0.46826324,0,0,0,0,1,3,0,1,0,0
3/15/2024,5136,2293,0,0,0,0,1,0,0,0,2.6,52.5,0,1032.7,242.9,0.446456386,0,0,0,0,1,3,0,1,0,0
3/16/2024,5136,852,0,0,0,0,0,1,0,0,7.2,38,0,1026.2,242,0.16588785,0,0,0,0,1,3,0,1,0,0
3/17/2024,5136,322,0,0,0,0,0,0,1,0,11.1,43.4,0,1019.1,240.6,0.062694704,0,0,0,0,1,3,0,1,0,0
3/18/2024,5136,2086,1,0,0,0,0,0,0,0,15.4,38,0,1019.6,160.8,0.406152648,0,0,0,0,1,3,0,1,0,0
3/19/2024,5136,2530,0,1,0,0,0,0,0,0,16.8,42.6,0,1017.6,185.4,0.492601246,0,0,0,0,1,3,0,1,0,0
3/20/2024,5136,2437,0,0,1,0,0,0,0,0,19.3,39.1,0,1006.4,97.2,0.474493769,0,0,0,0,1,3,0,1,0,0
3/21/2024,5136,224,0,0,0,1,0,0,0,1,15.2,73.9,0,1011.4,125,0.043613707,0,0,0,0,1,3,0,1,0,0
3/22/2024,5136,219,0,0,0,0,1,0,0,0,9.6,83.9,0,1018,34.7,0.042640187,0,0,0,0,1,3,0,1,0,0
3/23/2024,5136,229,0,0,0,0,0,1,0,0,12.7,60,0,1015.2,207,0.044587227,0,0,0,0,1,3,0,1,0,0
3/24/2024,5136,293,0,0,0,0,0,0,1,0,14.8,43.1,0,1017.3,245.7,0.057048287,0,0,0,0,1,3,0,1,0,0
3/25/2024,5136,2240,1,0,0,0,0,0,0,0,18.4,30.5,0,1016.5,248,0.436137072,0,0,0,0,1,3,0,1,0,0
3/26/2024,5136,2441,0,1,0,0,0,0,0,0,19.8,36.3,0,1008.5,202.3,0.475272586,0,0,0,0,1,3,0,1,0,0
3/27/2024,5136,2548,0,0,1,0,0,0,0,0,18.4,67,0,1014.4,183.9,0.496105919,0,0,0,0,1,3,0,1,0,0
3/28/2024,5136,2339,0,0,0,1,0,0,0,0,11.8,74.9,0,1017.6,89.6,0.455412773,0,0,0,0,1,3,0,1,0,0
3/29/2024,5136,2146,0,0,0,0,1,0,0,0,8.3,86,0,1018.8,82.4,0.417834891,0,0,0,0,1,3,0,1,0,0
3/30/2024,5136,847,0,0,0,0,0,1,0,0,9.1,64.3,0,1022.2,208.5,0.16491433,0,0,0,0,1,3,0,1,0,0
3/31/2024,5136,335,0,0,0,0,0,0,1,0,10.4,50.8,0,1027,269.9,0.065225857,0,0,0,0,1,3,0,1,0,0
04/01/2024,5136,1839,1,0,0,0,0,0,0,0,12.9,40.8,0,1020.1,236,0.358060748,0,0,1,0,0,4,0,1,0,0
04/02/2024,5136,2008,0,1,0,0,0,0,0,0,13.4,50.8,0,1018,178.3,0.390965732,0,0,1,0,0,4,0,1,0,0
04/03/2024,5136,1926,0,0,1,0,0,0,0,0,13.1,61.3,0,1019.8,160.3,0.375,0,0,1,0,0,4,0,1,0,0
04/04/2024,5136,2151,0,0,0,1,0,0,0,0,14.9,51.1,0,1017.4,265.5,0.418808411,0,0,1,0,0,4,0,1,0,0
04/05/2024,5136,1786,0,0,0,0,1,0,0,0,16.6,48.4,0,1015.8,246.9,0.347741433,0,0,1,0,0,4,0,1,0,0
04/06/2024,5136,1019,0,0,0,0,0,1,0,0,12.6,71.9,0,1017.1,148.2,0.198403427,0,0,1,0,0,4,0,1,0,0
04/07/2024,5136,284,0,0,0,0,0,0,1,0,14.9,57.9,0,1021.2,275.1,0.05529595,0,0,1,0,0,4,0,1,0,0
04/08/2024,5136,2161,1,0,0,0,0,0,0,0,18.7,38.6,0,1017.8,266.2,0.420755452,1,0,0,0,0,4,0,1,0,0
04/09/2024,5136,1811,0,1,0,0,0,0,0,0,15.3,62.1,0,1020.9,148.1,0.352609034,1,0,0,0,0,4,0,1,0,0
04/10/2024,5136,248,0,0,1,0,0,0,0,1,16,56.5,0,1020.1,273.7,0.048286604,1,0,0,0,0,4,0,1,0,0
04/11/2024,5136,224,0,0,0,1,0,0,0,0,18.5,57.5,0,1012.2,278.3,0.043613707,1,0,0,0,0,4,0,1,0,0
04/12/2024,5136,240,0,0,0,0,1,0,0,0,17.8,71.5,0,1009.7,147.1,0.046728972,1,0,0,0,0,4,0,1,0,0
4/13/2024,5136,803,0,0,0,0,0,1,0,0,16.3,82.6,0,1010.5,148.3,0.156347352,1,0,0,0,0,4,0,1,0,0
4/14/2024,5136,277,0,0,0,0,0,0,1,0,17.6,70.5,0,1013.4,231.7,0.053933022,1,0,0,0,0,4,0,1,0,0
4/15/2024,5136,1892,1,0,0,0,0,0,0,0,16,81.9,0,1013.6,95.6,0.368380062,1,0,0,0,0,4,0,1,0,0
4/16/2024,5136,1630,0,1,0,0,0,0,0,0,15,83,0,1022.9,179,0.317367601,1,0,0,0,0,4,0,1,0,0
4/17/2024,5136,1948,0,0,1,0,0,0,0,0,17.1,61,0,1020.3,284.8,0.379283489,1,0,0,0,0,4,0,1,0,0
4/18/2024,5136,1539,0,0,0,1,0,0,0,0,19,58.3,0,1011.9,288,0.299649533,1,0,0,0,0,4,0,1,0,0
4/19/2024,5136,1240,0,0,0,0,1,0,0,0,20.1,59.7,0,1006.8,282.9,0.241433022,1,0,0,0,0,4,0,1,0,0
4/20/2024,5136,469,0,0,0,0,0,1,0,0,21.9,55.3,0,1008.3,241.7,0.091316199,0,1,0,0,0,4,0,1,0,0
4/21/2024,5136,211,0,0,0,0,0,0,1,0,22.1,55.4,0,1010.5,242.4,0.041082555,0,1,0,0,0,4,0,1,0,0
4/22/2024,5136,586,1,0,0,0,0,0,0,0,21.5,60.9,0,1012.9,208.7,0.114096573,0,1,0,0,0,4,0,1,0,0
4/23/2024,5136,592,0,1,0,0,0,0,0,0,22.3,53.6,0,1013.2,276.4,0.115264798,0,1,0,0,0,4,0,1,0,0
4/24/2024,5136,552,0,0,1,0,0,0,0,0,22.8,44.1,0,1011.8,281.1,0.107476636,0,1,0,0,0,4,0,1,0,0
4/25/2024,5136,522,0,0,0,1,0,0,0,0,20.3,50,0,1012.3,213.9,0.101635514,0,1,0,0,0,4,0,1,0,0
4/26/2024,5136,567,0,0,0,0,1,0,0,0,19.2,49.4,0,1013.1,262.9,0.110397196,0,1,0,0,0,4,0,1,0,0
4/27/2024,5136,386,0,0,0,0,0,1,0,0,16.8,50.9,0,1012.6,241.6,0.075155763,0,1,0,0,0,4,0,1,0,0
4/28/2024,5136,177,0,0,0,0,0,0,1,0,11.1,50.8,0,1018.7,283.1,0.034462617,0,1,0,0,0,4,0,1,0,0
4/29/2024,5136,565,1,0,0,0,0,0,0,0,14.9,51.8,0,1019.1,226.8,0.110007788,0,1,0,0,0,4,0,1,0,0
4/30/2024,5136,618,0,1,0,0,0,0,0,0,17.6,52.6,0,1018.8,191.8,0.120327103,0,1,0,0,0,4,0,1,0,0
05/01/2024,5136,589,0,0,1,0,0,0,0,0,18.8,47.3,0,1017.5,289.9,0.114680685,0,1,0,0,0,5,0,1,0,0
05/02/2024,5136,552,0,0,0,1,0,0,0,0,21.6,28.9,0,1011.6,316.8,0.107476636,0,1,0,0,0,5,0,1,0,0
05/03/2024,5136,516,0,0,0,0,1,0,0,0,20.9,37.5,0,1004.7,113.5,0.10046729,0,1,0,0,0,5,0,1,0,0
05/04/2024,5136,314,0,0,0,0,0,1,0,0,20.4,55.1,0,1004.8,144.6,0.061137072,0,1,0,0,0,5,0,1,0,0
05/05/2024,5136,142,0,0,0,0,0,0,1,0,20.4,68.1,0,1008.7,180.7,0.027647975,0,1,0,0,0,5,0,1,0,0
05/06/2024,5136,547,1,0,0,0,0,0,0,0,21.9,56.7,0,1015.3,292.1,0.106503115,0,1,0,0,0,5,0,1,0,0
05/07/2024,5136,473,0,1,0,0,0,0,0,0,24.4,42.2,0,1014.8,315,0.092095016,0,1,0,0,0,5,0,1,0,0
05/08/2024,5136,471,0,0,1,0,0,0,0,0,26.3,37.3,0,1010.9,298.9,0.091705607,0,1,0,0,0,5,0,1,0,0
05/09/2024,5136,156,0,0,0,1,0,0,0,1,25.2,40.6,0,1010.5,257.8,0.030373832,0,1,0,0,0,5,0,1,0,0
05/10/2024,5136,490,0,0,0,0,1,0,0,0,19.3,75.5,0,1014,156.5,0.095404984,0,1,0,0,0,5,0,1,0,0
05/11/2024,5136,287,0,0,0,0,0,1,0,0,17.6,69,0,1021.1,204.6,0.055880062,0,1,0,0,0,5,0,1,0,0
05/12/2024,5136,134,0,0,0,0,0,0,1,0,19.3,58,0,1018.5,293.4,0.026090343,0,1,0,0,0,5,0,1,0,0
5/13/2024,5136,500,1,0,0,0,0,0,0,0,22.9,46.6,0,1013.5,320,0.097352025,0,1,0,0,0,5,0,1,0,0
5/14/2024,5136,503,0,1,0,0,0,0,0,0,27.2,32.8,0,1009.9,320.5,0.097936137,0,1,0,0,0,5,0,1,0,0
5/15/2024,5136,497,0,0,1,0,0,0,0,0,26.6,38.7,0,1011.9,295.8,0.096767913,0,1,0,0,0,5,0,1,0,0
5/16/2024,5136,438,0,0,0,1,0,0,0,0,21.5,68.6,0,1016.8,173.3,0.085280374,0,1,0,0,0,5,0,1,0,0
5/17/2024,5136,456,0,0,0,0,1,0,0,0,23.4,68.8,0,1012.1,288.1,0.088785047,0,1,0,0,0,5,0,1,0,0
5/18/2024,5136,267,0,0,0,0,0,1,0,0,21.7,69.5,0,1010.9,166.7,0.051985981,0,1,0,0,0,5,0,1,0,0
5/19/2024,5136,133,0,0,0,0,0,0,1,0,15.9,79.5,0,1016.5,147.9,0.025895639,0,1,0,0,0,5,0,1,0,0
5/20/2024,5136,418,1,0,0,0,0,0,0,0,15.4,78.2,0,1018.9,222.6,0.081386293,0,0,1,0,0,5,0,1,0,0
5/21/2024,5136,444,0,1,0,0,0,0,0,0,20,56.9,0,1018.8,313.5,0.086448598,0,0,1,0,0,5,0,1,0,0
5/22/2024,5136,505,0,0,1,0,0,0,0,0,22.8,47.6,0,1016.4,293.1,0.098325545,0,0,1,0,0,5,0,1,0,0
5/23/2024,5136,471,0,0,0,1,0,0,0,0,22.8,56.5,0,1012.6,290.3,0.091705607,0,0,1,0,0,5,0,1,0,0
5/24/2024,5136,432,0,0,0,0,1,0,0,0,19.8,81.2,0,1010.7,96.7,0.08411215,0,0,1,0,0,5,0,1,0,0
5/25/2024,5136,329,0,0,0,0,0,1,0,0,23,51.4,0,1013.7,274.1,0.064057632,0,0,1,0,0,5,0,1,0,0
5/26/2024,5136,130,0,0,0,0,0,0,1,0,14.8,35.7,0,1023.9,336.7,0.025311526,0,0,1,0,0,5,0,1,0,0
5/27/2024,5136,492,1,0,0,0,0,0,0,0,20.3,40.6,0,1016.1,338.8,0.095794393,0,0,1,0,0,5,0,1,0,0
5/28/2024,5136,494,0,1,0,0,0,0,0,0,22.9,31.8,0,1014.3,321.4,0.096183801,0,0,1,0,0,5,0,1,0,0
5/29/2024,5136,500,0,0,1,0,0,0,0,0,21.5,39.8,0,1015.2,329.9,0.097352025,0,0,1,0,0,5,0,1,0,0
5/30/2024,5136,450,0,0,0,1,0,0,0,0,23.2,32.6,0,1015.8,337.2,0.087616822,0,0,1,0,0,5,0,1,0,0
5/31/2024,5136,494,0,0,0,0,1,0,0,0,24.8,33.4,0,1017,339.5,0.096183801,0,0,1,0,0,5,0,1,0,0
06/01/2024,5136,261,0,0,0,0,0,1,0,0,26.4,32.9,0,1014.3,331.7,0.050817757,0,0,1,0,0,6,0,0,1,0
06/02/2024,5136,125,0,0,0,0,0,0,1,0,27.2,27.6,0,1012,337.3,0.024338006,0,0,1,0,0,6,0,0,1,0
06/03/2024,5136,671,1,0,0,0,0,0,0,0,26.2,33.9,0,1011.5,293.8,0.130646417,1,0,0,0,0,6,0,0,1,0
06/04/2024,5136,649,0,1,0,0,0,0,0,0,25.7,36.3,0,1012.1,310,0.126362928,1,0,0,0,0,6,0,0,1,0
06/05/2024,5136,840,0,0,1,0,0,0,0,0,26.1,32.4,0,1011.7,280.6,0.163551402,1,0,0,0,0,6,0,0,1,0
06/06/2024,5136,725,0,0,0,1,0,0,0,0,26.8,30.9,0,1011.4,312.8,0.141160436,1,0,0,0,0,6,0,0,1,0
06/07/2024,5136,485,0,0,0,0,1,0,0,0,28.3,28.7,0,1010.9,324.8,0.094431464,1,0,0,0,0,6,0,0,1,0
06/08/2024,5136,324,0,0,0,0,0,1,0,0,28.5,30.7,0,1009,312.9,0.063084112,1,0,0,0,0,6,0,0,1,0
06/09/2024,5136,102,0,0,0,0,0,0,1,0,29.8,30.7,0,1007.9,297.5,0.019859813,1,0,0,0,0,6,0,0,1,0
06/10/2024,5136,793,1,0,0,0,0,0,0,0,30.2,29.9,0,1009.8,300,0.154400312,1,0,0,0,0,6,0,0,1,0
06/11/2024,5136,760,0,1,0,0,0,0,0,0,31.4,27.7,0,1009.6,307.5,0.147975078,1,0,0,0,0,6,0,0,1,0
06/12/2024,5136,786,0,0,1,0,0,0,0,0,31.3,29.6,0,1008.1,312.5,0.153037383,1,0,0,0,0,6,0,0,1,0
6/13/2024,5136,589,0,0,0,1,0,0,0,0,28.1,30,0,1007.6,340.2,0.114680685,1,0,0,0,0,6,0,0,1,0
6/14/2024,5136,380,0,0,0,0,1,0,0,0,26.8,32.3,0,1006.9,336,0.073987539,1,0,0,0,0,6,0,0,1,0
6/15/2024,5136,88,0,0,0,0,0,1,0,0,27.9,31.4,0,1006.2,334.2,0.017133956,1,0,0,0,0,6,0,0,1,0
6/16/2024,5136,56,0,0,0,0,0,0,1,1,29.3,30.3,0,1006.6,331,0.010903427,1,0,0,0,0,6,0,0,1,0
6/17/2024,5136,63,1,0,0,0,0,0,0,0,30.9,30.3,0,1007.7,243.3,0.012266355,1,0,0,0,0,6,0,0,1,0
6/18/2024,5136,81,0,1,0,0,0,0,0,0,30.9,31.7,0,1009.3,297.7,0.015771028,1,0,0,0,0,6,0,0,1,0
6/19/2024,5136,589,0,0,1,0,0,0,0,0,30.7,32.9,0,1006.7,301.4,0.114680685,1,0,0,0,0,6,0,0,1,0
6/20/2024,5136,452,0,0,0,1,0,0,0,0,31.4,32.5,0,1002.9,305.8,0.088006231,1,0,0,0,0,6,0,0,1,0
6/21/2024,5136,431,0,0,0,0,1,0,0,0,31.4,32.6,0,1001.9,279.7,0.083917445,1,0,0,0,0,6,0,0,1,0
6/22/2024,5136,181,0,0,0,0,0,1,0,0,31.7,30.4,0,1002.9,314.3,0.035241433,0,1,0,0,0,6,0,0,1,0
6/23/2024,5136,89,0,0,0,0,0,0,1,0,31.2,31.3,0,1005.4,287,0.01732866,0,1,0,0,0,6,0,0,1,0
6/24/2024,5136,273,1,0,0,0,0,0,0,0,29.3,34.4,0,1008.7,285.4,0.053154206,0,1,0,0,0,6,0,0,1,0
6/25/2024,5136,275,0,1,0,0,0,0,0,0,29.8,32.2,0,1007.3,323.9,0.053543614,0,1,0,0,0,6,0,0,1,0
6/26/2024,5136,299,0,0,1,0,0,0,0,0,32,28.3,0,1003,315,0.058216511,0,1,0,0,0,6,0,0,1,0
6/27/2024,5136,243,0,0,0,1,0,0,0,0,33.5,31.2,0,1001.3,319.4,0.047313084,0,1,0,0,0,6,0,0,1,0
6/28/2024,5136,246,0,0,0,0,1,0,0,0,33.2,30,0,1004.4,277.6,0.047897196,0,1,0,0,0,6,0,0,1,0
6/29/2024,5136,124,0,0,0,0,0,1,0,0,31.2,35.1,0,1004.9,319.7,0.024143302,0,1,0,0,0,6,0,0,1,0
6/30/2024,5136,56,0,0,0,0,0,0,1,0,30.4,25.3,0,1005.5,324.4,0.010903427,0,1,0,0,0,6,0,0,1,0
07/01/2024,5136,171,1,0,0,0,0,0,0,0,27.8,28.5,0,1006.2,293.1,0.033294393,0,1,0,0,0,7,0,0,1,0
07/02/2024,5136,136,0,1,0,0,0,0,0,0,25.9,22,0,1007.8,343.3,0.026479751,0,1,0,0,0,7,0,0,1,0
07/03/2024,5136,118,0,0,1,0,0,0,0,0,27.5,24.8,0,1006.5,344,0.022975078,0,1,0,0,0,7,0,0,1,0
07/04/2024,5136,118,0,0,0,1,0,0,0,0,29.6,22.8,0,1005.7,340.8,0.022975078,0,1,0,0,0,7,0,0,1,0
07/05/2024,5136,126,0,0,0,0,1,0,0,0,30.2,25.4,0,1002.9,275.8,0.02453271,0,1,0,0,0,7,0,0,1,0
07/06/2024,5136,23,0,0,0,0,0,1,0,0,29.7,28.9,0,1001.6,332,0.004478193,0,1,0,0,0,7,0,0,1,0
07/08/2024,5136,141,1,0,0,0,0,0,0,0,28,44.1,0,1006.1,268.1,0.027453271,0,1,0,0,0,7,0,0,1,0
07/09/2024,5136,96,0,1,0,0,0,0,0,0,30.3,34,0,1008.3,282.4,0.018691589,0,1,0,0,0,7,0,0,1,0
07/10/2024,5136,130,0,0,1,0,0,0,0,0,31.4,27.3,0,1008.7,287.8,0.025311526,0,1,0,0,0,7,0,0,1,0
07/11/2024,5136,105,0,0,0,1,0,0,0,0,31,29.8,0,1006.9,292.7,0.020443925,0,1,0,0,0,7,0,0,1,0
07/12/2024,5136,285,0,0,0,0,1,0,0,0,31,28.4,0,1001.5,272.3,0.055490654,0,1,0,0,0,7,0,0,1,0
7/13/2024,5136,30,0,0,0,0,0,1,0,0,30.9,32.5,0,1001.2,276.8,0.005841121,0,1,0,0,0,7,0,0,1,0
